"","site_no","Date","Nitrate_mgl","Discharge_cms","discharge_rate"
"1","401723105400000",1992-04-15,0.365,0.16,0.16
"2","401723105400000",1992-04-16,0.38,0.16,0.16
"3","401723105400000",1992-04-17,0.38,0.16,0.16
"4","401723105400000",1992-04-22,0.34,0.25,0.25
"5","401723105400000",1992-04-23,0.375,0.25,0.25
"6","401723105400000",1992-04-25,0.37,0.34,0.34
"7","401723105400000",1992-04-26,0.36,0.38,0.38
"8","401723105400000",1992-04-27,0.36,0.44,0.44
"9","401723105400000",1992-04-28,0.47,0.62,0.62
"10","401723105400000",1992-04-29,0.47,0.73,0.73
"11","401723105400000",1992-04-30,0.47,0.58,0.58
"12","401723105400000",1992-05-01,0.44,0.53,0.53
"13","401723105400000",1992-05-02,0.44,0.43,0.43
"14","401723105400000",1992-05-03,0.45,0.62,0.62
"15","401723105400000",1992-05-04,0.47,0.8,0.8
"16","401723105400000",1992-05-05,0.47,1.44,1.44
"17","401723105400000",1992-05-06,0.48,1.59,1.59
"18","401723105400000",1992-05-07,0.5,1.62,1.62
"19","401723105400000",1992-05-08,0.48,2.11,2.11
"20","401723105400000",1992-05-09,0.52,1.83,1.83
"21","401723105400000",1992-05-10,0.53,0.94,0.94
"22","401723105400000",1992-05-11,0.52,0.79,0.79
"23","401723105400000",1992-05-12,0.49,0.69,0.69
"24","401723105400000",1992-05-13,0.49,0.78,0.78
"25","401723105400000",1992-05-14,0.51,1.22,1.22
"26","401723105400000",1992-05-15,0.49,1.5,1.5
"27","401723105400000",1992-05-16,0.51,1.92,1.92
"28","401723105400000",1992-05-17,0.5,2.66,2.66
"29","401723105400000",1992-05-18,0.51,3.32,3.32
"30","401723105400000",1992-05-19,0.54,4.51,4.51
"31","401723105400000",1992-05-20,0.51,5.4,5.4
"32","401723105400000",1992-05-21,0.55,4.34,4.34
"33","401723105400000",1992-05-22,0.54,4.12,4.12
"34","401723105400000",1992-05-23,0.52,4.47,4.47
"35","401723105400000",1992-05-24,0.5,4.29,4.29
"36","401723105400000",1992-05-25,0.5,4.24,4.24
"37","401723105400000",1992-05-26,0.49,4.89,4.89
"38","401723105400000",1992-05-27,0.47,3.7,3.7
"39","401723105400000",1992-05-28,0.48,2.79,2.79
"40","401723105400000",1992-05-29,0.49,2.47,2.47
"41","401723105400000",1992-05-30,0.49,2.25,2.25
"42","401723105400000",1992-05-31,0.47,1.88,1.88
"43","401723105400000",1992-06-01,0.49,2.04,2.04
"44","401723105400000",1992-06-02,0.49,3.27,3.27
"45","401723105400000",1992-06-03,0.48,4.16,4.16
"46","401723105400000",1992-06-04,0.46,4.08,4.08
"47","401723105400000",1992-06-05,0.46,3.97,3.97
"48","401723105400000",1992-06-06,0.44,3.94,3.94
"49","401723105400000",1992-06-07,0.44,3.89,3.89
"50","401723105400000",1992-06-08,0.43,3.75,3.75
"51","401723105400000",1992-06-09,0.44,3.71,3.71
"52","401723105400000",1992-06-10,0.38,5.25,5.25
"53","401723105400000",1992-06-11,0.41,6.78,6.78
"54","401723105400000",1992-06-12,0.36,6.73,6.73
"55","401723105400000",1992-06-13,0.38,6.69,6.69
"56","401723105400000",1992-06-14,0.36,6.18,6.18
"57","401723105400000",1992-06-15,0.37,4.2,4.2
"58","401723105400000",1992-06-16,0.37,3.04,3.04
"59","401723105400000",1992-06-17,0.39,3.18,3.18
"60","401723105400000",1992-06-18,0.38,4.62,4.62
"61","401723105400000",1992-06-19,0.35,6.99,6.99
"62","401723105400000",1992-06-20,0.33,7.33,7.33
"63","401723105400000",1992-06-21,0.34,6.96,6.96
"64","401723105400000",1992-06-22,0.35,7.31,7.31
"65","401723105400000",1992-06-23,0.34,7.41,7.41
"66","401723105400000",1992-06-25,0.3,8.17,8.17
"67","401723105400000",1992-06-28,0.3,6.88,6.88
"68","401723105400000",1992-06-30,0.276,6.43,6.43
"69","401723105400000",1992-07-01,0.28,4.99,4.99
"70","401723105400000",1992-07-02,0.32,3.64,3.64
"71","401723105400000",1992-07-04,0.28,4.87,4.87
"72","401723105400000",1992-07-06,0.24,6.91,6.91
"73","401723105400000",1992-07-08,0.25,6.95,6.95
"74","401723105400000",1992-07-10,0.25,5.3,5.3
"75","401723105400000",1992-07-12,0.25,4.81,4.81
"76","401723105400000",1992-07-14,0.24,4.09,4.09
"77","401723105400000",1992-07-16,0.24,3.86,3.86
"78","401723105400000",1992-07-18,0.22,3.69,3.69
"79","401723105400000",1992-07-20,0.24,4.53,4.53
"80","401723105400000",1992-07-22,0.24,3.81,3.81
"81","401723105400000",1992-07-23,0.23,4.06,4.06
"82","401723105400000",1992-07-26,0.22,3.8,3.8
"83","401723105400000",1992-07-29,0.22,3.43,3.43
"84","401723105400000",1992-07-31,0.22,3.15,3.15
"85","401723105400000",1992-08-03,0.23,3.17,3.17
"86","401723105400000",1992-08-06,0.22,3.48,3.48
"87","401723105400000",1992-08-07,0.22,3.49,3.49
"88","401723105400000",1992-08-10,0.21,3.29,3.29
"89","401723105400000",1992-08-12,0.21,3.01,3.01
"90","401723105400000",1992-08-15,0.24,2.64,2.64
"91","401723105400000",1992-08-18,0.22,2.71,2.71
"92","401723105400000",1992-08-20,0.23,2.97,2.97
"93","401723105400000",1992-08-23,0.17,3.22,3.22
"94","401723105400000",1992-08-26,0.29,2.36,2.36
"95","401723105400000",1992-08-28,0.29,1.78,1.78
"96","401723105400000",1992-08-31,0.39,1.77,1.77
"97","401723105400000",1992-09-03,0.39,1.88,1.88
"98","401723105400000",1992-09-05,0.38,1.8,1.8
"99","401723105400000",1992-09-07,0.34,1.74,1.74
"100","401723105400000",1992-09-10,0.36,1.61,1.61
"101","401723105400000",1992-09-13,0.32,1.64,1.64
"102","401723105400000",1992-09-16,0.31,2.23,2.23
"103","401723105400000",1992-09-19,0.33,1.74,1.74
"104","401723105400000",1992-09-22,0.34,1.5,1.5
"105","401723105400000",1992-09-25,0.32,1.4,1.4
"106","401723105400000",1992-09-28,0.32,1.16,1.16
"107","401723105400000",1992-09-30,0.32,1.08,1.08
"108","401723105400000",1992-10-05,0.29,0.97,0.97
"109","401723105400000",1993-04-22,0.36,0.02,0.02
"110","401723105400000",1993-04-26,0.36,0.01,0.01
"111","401723105400000",1993-04-29,0.53,0.01,0.01
"112","401723105400000",1993-05-04,0.51,0.01,0.01
"113","401723105400000",1993-05-05,0.79,0.01,0.01
"114","401723105400000",1993-05-06,0.67,0.01,0.01
"115","401723105400000",1993-05-07,0.47,0.01,0.01
"116","401723105400000",1993-05-08,0.4,0.01,0.01
"117","401723105400000",1993-05-09,0.35,0.01,0.01
"118","401723105400000",1993-05-10,0.33,0.01,0.01
"119","401723105400000",1993-05-11,0.41,0.01,0.01
"120","401723105400000",1993-05-12,0.47,0.01,0.01
"121","401723105400000",1993-05-13,0.5,0.01,0.01
"122","401723105400000",1993-05-14,0.52,0.15,0.15
"123","401723105400000",1993-05-15,0.52,0.3,0.3
"124","401723105400000",1993-05-16,0.5,0.45,0.45
"125","401723105400000",1993-05-17,0.5,0.6,0.6
"126","401723105400000",1993-05-18,0.53,0.74,0.74
"127","401723105400000",1993-05-19,0.53,1.68,1.68
"128","401723105400000",1993-05-20,0.51,2.52,2.52
"129","401723105400000",1993-05-21,0.52,3,3
"130","401723105400000",1993-05-22,0.56,2.08,2.08
"131","401723105400000",1993-05-23,0.73,1.53,1.53
"132","401723105400000",1993-05-24,0.52,2.09,2.09
"133","401723105400000",1993-05-25,0.5,2.79,2.79
"134","401723105400000",1993-05-26,0.55,3.11,3.11
"135","401723105400000",1993-05-27,0.6,4.66,4.66
"136","401723105400000",1993-05-28,0.56,4.6,4.6
"137","401723105400000",1993-05-30,0.6,4.35,4.35
"138","401723105400000",1993-05-31,0.56,4.83,4.83
"139","401723105400000",1993-06-01,0.56,4.24,4.24
"140","401723105400000",1993-06-02,0.55,4.07,4.07
"141","401723105400000",1993-06-03,0.51,2.54,2.54
"142","401723105400000",1993-06-04,0.57,2.33,2.33
"143","401723105400000",1993-06-05,0.55,3.15,3.15
"144","401723105400000",1993-06-06,0.53,3.8,3.8
"145","401723105400000",1993-06-07,0.53,2.37,2.37
"146","401723105400000",1993-06-08,0.56,1.74,1.74
"147","401723105400000",1993-06-09,0.56,2.24,2.24
"148","401723105400000",1993-06-10,0.57,3.61,3.61
"149","401723105400000",1993-06-11,0.58,4.85,4.85
"150","401723105400000",1993-06-12,0.52,5.95,5.95
"151","401723105400000",1993-06-13,0.49,5.85,5.85
"152","401723105400000",1993-06-14,0.48,6.67,6.67
"153","401723105400000",1993-06-15,0.46,8.07,8.07
"154","401723105400000",1993-06-16,0.46,9.23,9.23
"155","401723105400000",1993-06-17,0.46,9.8,9.8
"156","401723105400000",1993-06-18,0.46,7.55,7.55
"157","401723105400000",1993-06-19,0.47,7.72,7.72
"158","401723105400000",1993-06-20,0.44,9.2,9.2
"159","401723105400000",1993-06-21,0.42,9.72,9.72
"160","401723105400000",1993-06-22,0.42,9.49,9.49
"161","401723105400000",1993-06-23,0.42,7.58,7.58
"162","401723105400000",1993-06-24,0.42,6,6
"163","401723105400000",1993-06-25,0.4,6.67,6.67
"164","401723105400000",1993-06-26,0.39,8.19,8.19
"165","401723105400000",1993-06-27,0.37,8.93,8.93
"166","401723105400000",1993-06-28,0.34,10,10
"167","401723105400000",1993-06-29,0.33,10.6,10.6
"168","401723105400000",1993-07-01,0.34,10,10
"169","401723105400000",1993-07-03,0.36,7.51,7.51
"170","401723105400000",1993-07-05,0.35,3.5,3.5
"171","401723105400000",1993-07-07,0.39,5.44,5.44
"172","401723105400000",1993-07-09,0.3,7.82,7.82
"173","401723105400000",1993-07-11,0.28,8.61,8.61
"174","401723105400000",1993-07-13,0.27,9.73,9.73
"175","401723105400000",1993-07-15,0.27,8.79,8.79
"176","401723105400000",1993-07-17,0.26,7.77,7.77
"177","401723105400000",1993-07-19,0.35,7.52,7.52
"178","401723105400000",1993-07-21,0.24,6.37,6.37
"179","401723105400000",1993-07-23,0.3,5.54,5.54
"180","401723105400000",1993-07-25,0.26,5.59,5.59
"181","401723105400000",1993-07-27,0.22,5.47,5.47
"182","401723105400000",1993-07-29,0.23,6.76,6.76
"183","401723105400000",1993-07-31,0.22,6.36,6.36
"184","401723105400000",1993-08-02,0.21,5.49,5.49
"185","401723105400000",1993-08-04,0.22,5.02,5.02
"186","401723105400000",1993-08-06,0.21,4.72,4.72
"187","401723105400000",1993-08-08,0.19,5.05,5.05
"188","401723105400000",1993-08-10,0.19,6.51,6.51
"189","401723105400000",1993-08-11,0.16,6.09,6.09
"190","401723105400000",1993-08-12,0.2,5.29,5.29
"191","401723105400000",1993-08-14,0.19,4.26,4.26
"192","401723105400000",1993-08-16,0.21,3.81,3.81
"193","401723105400000",1993-08-18,0.19,3.71,3.71
"194","401723105400000",1993-08-20,0.18,4.43,4.43
"195","401723105400000",1993-08-22,0.18,3.85,3.85
"196","401723105400000",1993-08-24,0.17,3.6,3.6
"197","401723105400000",1993-08-26,0.2,3.36,3.36
"198","401723105400000",1993-08-27,0.19,2.9,2.9
"199","401723105400000",1993-08-29,0.21,2.73,2.73
"200","401723105400000",1993-08-31,0.23,2.39,2.39
"201","401723105400000",1993-09-02,0.24,2.18,2.18
"202","401723105400000",1993-09-04,0.22,2.29,2.29
"203","401723105400000",1993-09-06,0.24,3.46,3.46
"204","401723105400000",1993-09-08,0.28,2.81,2.81
"205","401723105400000",1993-09-10,0.25,2.8,2.8
"206","401723105400000",1993-09-13,0.29,2.94,2.94
"207","401723105400000",1993-09-15,0.3,2.4,2.4
"208","401723105400000",1993-09-17,0.38,2.52,2.52
"209","401723105400000",1993-09-19,0.33,2.27,2.27
"210","401723105400000",1993-09-21,0.33,2.1,2.1
"211","401723105400000",1993-09-23,0.32,1.94,1.94
"212","401723105400000",1993-09-25,0.38,1.71,1.71
"213","401723105400000",1993-09-27,0.32,1.57,1.57
"214","401723105400000",1993-09-29,0.32,1.46,1.46
"215","401723105400000",1993-10-04,0.31,1.2,1.2
"216","401723105400000",1994-02-15,0.39,0.07,0.07
"217","401723105400000",1994-04-01,0.35,0.03,0.03
"218","401723105400000",1994-04-06,0.37,0.03,0.03
"219","401723105400000",1994-04-13,0.39,0.02,0.02
"220","401723105400000",1994-04-20,0.75,0.02,0.02
"221","401723105400000",1994-04-24,0.27,0.02,0.02
"222","401723105400000",1994-04-28,0.42,0.02,0.02
"223","401723105400000",1994-04-29,0.46,0.02,0.02
"224","401723105400000",1994-04-30,0.46,0.02,0.02
"225","401723105400000",1994-05-01,0.47,0.02,0.02
"226","401723105400000",1994-05-02,0.45,0.02,0.02
"227","401723105400000",1994-05-03,0.46,0.02,0.02
"228","401723105400000",1994-05-04,0.45,0.01,0.01
"229","401723105400000",1994-05-05,0.46,0.02,0.02
"230","401723105400000",1994-05-06,0.56,0.02,0.02
"231","401723105400000",1994-05-07,0.54,0.02,0.02
"232","401723105400000",1994-05-08,0.55,0.56,0.56
"233","401723105400000",1994-05-09,0.52,1.43,1.43
"234","401723105400000",1994-05-10,0.56,1.74,1.74
"235","401723105400000",1994-05-11,0.53,2.77,2.77
"236","401723105400000",1994-05-12,0.58,2.74,2.74
"237","401723105400000",1994-05-13,0.53,2.21,2.21
"238","401723105400000",1994-05-14,0.54,1.7,1.7
"239","401723105400000",1994-05-15,0.5,2.23,2.23
"240","401723105400000",1994-05-16,0.54,2.87,2.87
"241","401723105400000",1994-05-17,0.52,2.69,2.69
"242","401723105400000",1994-05-18,0.53,2.63,2.63
"243","401723105400000",1994-05-19,0.51,3,3
"244","401723105400000",1994-05-20,0.5,3,3
"245","401723105400000",1994-05-21,0.5,2.93,2.93
"246","401723105400000",1994-05-22,0.49,2.82,2.82
"247","401723105400000",1994-05-23,0.48,2.79,2.79
"248","401723105400000",1994-05-24,0.47,2.68,2.68
"249","401723105400000",1994-05-25,0.5,2.86,2.86
"250","401723105400000",1994-05-26,0.49,3.5,3.5
"251","401723105400000",1994-05-27,0.48,4.24,4.24
"252","401723105400000",1994-05-28,0.47,4.68,4.68
"253","401723105400000",1994-05-29,0.42,5.38,5.38
"254","401723105400000",1994-05-30,0.46,5.62,5.62
"255","401723105400000",1994-05-31,0.46,8.63,8.63
"256","401723105400000",1994-06-01,0.46,6.59,6.59
"257","401723105400000",1994-06-02,0.45,7.47,7.47
"258","401723105400000",1994-06-03,0.51,7.95,7.95
"259","401723105400000",1994-06-04,0.5,7.47,7.47
"260","401723105400000",1994-06-05,0.47,7.79,7.79
"261","401723105400000",1994-06-06,0.45,7.46,7.46
"262","401723105400000",1994-06-07,0.46,6.52,6.52
"263","401723105400000",1994-06-08,0.45,5.46,5.46
"264","401723105400000",1994-06-09,0.43,4.84,4.84
"265","401723105400000",1994-06-10,0.43,5.74,5.74
"266","401723105400000",1994-06-11,0.42,6.22,6.22
"267","401723105400000",1994-06-12,0.38,5.95,5.95
"268","401723105400000",1994-06-13,0.41,5.82,5.82
"269","401723105400000",1994-06-15,0.41,6.96,6.96
"270","401723105400000",1994-06-17,0.37,7.96,7.96
"271","401723105400000",1994-06-19,0.32,8.23,8.23
"272","401723105400000",1994-06-21,0.32,9.77,9.77
"273","401723105400000",1994-06-22,0.34,9.39,9.39
"274","401723105400000",1994-06-24,0.32,7.51,7.51
"275","401723105400000",1994-06-26,0.3,7.51,7.51
"276","401723105400000",1994-06-28,0.29,6.23,6.23
"277","401723105400000",1994-06-30,0.28,6.18,6.18
"278","401723105400000",1994-07-02,0.24,5.9,5.9
"279","401723105400000",1994-07-04,0.23,5.77,5.77
"280","401723105400000",1994-07-06,0.24,4.52,4.52
"281","401723105400000",1994-07-08,0.26,3.18,3.18
"282","401723105400000",1994-07-10,0.27,4.04,4.04
"283","401723105400000",1994-07-12,0.22,4.05,4.05
"284","401723105400000",1994-07-13,0.22,4.04,4.04
"285","401723105400000",1994-07-15,0.23,3.59,3.59
"286","401723105400000",1994-07-17,0.24,3.66,3.66
"287","401723105400000",1994-07-19,0.22,4.35,4.35
"288","401723105400000",1994-07-20,0.21,4.32,4.32
"289","401723105400000",1994-07-22,0.18,4.02,4.02
"290","401723105400000",1994-07-24,0.2,4.17,4.17
"291","401723105400000",1994-07-26,0.16,4.16,4.16
"292","401723105400000",1994-07-28,0.2,3.56,3.56
"293","401723105400000",1994-07-30,0.21,3.52,3.52
"294","401723105400000",1994-08-01,0.19,3.56,3.56
"295","401723105400000",1994-08-03,0.18,3.25,3.25
"296","401723105400000",1994-08-05,0.22,3.69,3.69
"297","401723105400000",1994-08-07,0.19,2.96,2.96
"298","401723105400000",1994-08-09,0.23,4.12,4.12
"299","401723105400000",1994-08-11,0.17,4.35,4.35
"300","401723105400000",1994-08-13,0.17,4.32,4.32
"301","401723105400000",1994-08-15,0.18,3.56,3.56
"302","401723105400000",1994-08-17,0.21,3.4,3.4
"303","401723105400000",1994-08-19,0.23,3.29,3.29
"304","401723105400000",1994-08-21,0.22,3.27,3.27
"305","401723105400000",1994-08-23,0.22,3.01,3.01
"306","401723105400000",1994-08-25,0.21,2.91,2.91
"307","401723105400000",1994-08-27,0.2,4.55,4.55
"308","401723105400000",1994-08-29,0.26,3.97,3.97
"309","401723105400000",1994-08-31,0.26,3.33,3.33
"310","401723105400000",1994-09-01,0.34,3.42,3.42
"311","401723105400000",1994-09-03,0.3,3.47,3.47
"312","401723105400000",1994-09-05,0.3,2.54,2.54
"313","401723105400000",1994-09-07,0.27,2.23,2.23
"314","401723105400000",1994-09-08,0.31,2.22,2.22
"315","401723105400000",1994-09-16,0.32,1.26,1.26
"316","401723105400000",1994-09-19,0.32,1.2,1.2
"317","401723105400000",1994-09-21,0.33,1.2,1.2
"318","401723105400000",1994-09-23,0.36,1.1,1.1
"319","401723105400000",1994-09-25,0.35,1.06,1.06
"320","401723105400000",1994-09-27,0.34,0.98,0.98
"321","401723105400000",1994-09-29,0.33,0.96,0.96
"322","401723105400000",1994-10-03,0.33,0.96,0.96
"323","401723105400000",1994-10-26,0.37,0.6,0.6
"324","401723105400000",1995-04-12,0.42,0.02,0.02
"325","401723105400000",1995-04-18,0.36,0.02,0.02
"326","401723105400000",1995-05-10,0.38,1.31,1.31
"327","401723105400000",1995-05-15,0.4,1.54,1.54
"328","401723105400000",1995-05-22,0.45,1.82,1.82
"329","401723105400000",1995-05-31,0.47,1.45,1.45
"330","401723105400000",1995-06-02,0.52,4.91,4.91
"331","401723105400000",1995-06-08,0.53,2.68,2.68
"332","401723105400000",1995-06-13,0.5,9.88,9.88
"333","401723105400000",1995-06-15,0.363333333333333,11.2,11.2
"334","401723105400000",1995-06-16,0.404,11.7,11.7
"335","401723105400000",1995-06-21,0.39,10.8,10.8
"336","401723105400000",1995-06-22,0.37,8.94,8.94
"337","401723105400000",1995-06-28,0.37,8.47,8.47
"338","401723105400000",1995-07-03,0.38,5.76,5.76
"339","401723105400000",1995-07-14,0.29,11,11
"340","401723105400000",1995-07-20,0.26,8.93,8.93
"341","401723105400000",1995-07-25,0.23,6.92,6.92
"342","401723105400000",1995-08-02,0.24,5.16,5.16
"343","401723105400000",1995-08-08,0.21,6.69,6.69
"344","401723105400000",1995-08-16,0.2,4.63,4.63
"345","401723105400000",1995-08-23,0.16,6.44,6.44
"346","401723105400000",1995-08-30,0.16,3.71,3.71
"347","401723105400000",1995-09-07,0.19,3.23,3.23
"348","401723105400000",1995-09-20,0.33,2.03,2.03
"349","401723105400000",1995-09-28,0.29,1.37,1.37
"350","401723105400000",1995-10-17,0.3,0.97,0.97
"351","401723105400000",1996-01-09,0.36,0.17,0.17
"352","401723105400000",1996-02-13,0.38,0.08,0.08
"353","401723105400000",1996-03-20,0.38,0.04,0.04
"354","401723105400000",1996-04-10,0.47,0.03,0.03
"355","401723105400000",1996-04-16,0.37,0.02,0.02
"356","401723105400000",1996-04-24,0.4,0.02,0.02
"357","401723105400000",1996-04-30,0.38,0.02,0.02
"358","401723105400000",1996-05-07,0.57,0.84,0.84
"359","401723105400000",1996-05-15,0.6,3.44,3.44
"360","401723105400000",1996-05-21,0.61,2.3,2.3
"361","401723105400000",1996-05-29,0.62,2.2,2.2
"362","401723105400000",1996-06-04,0.53,6.09,6.09
"363","401723105400000",1996-06-14,0.42,9.31,9.31
"364","401723105400000",1996-06-18,0.39,9.13,9.13
"365","401723105400000",1996-06-25,0.34,9.49,9.49
"366","401723105400000",1996-07-02,0.22,10.1,10.1
"367","401723105400000",1996-07-09,0.22,8.36,8.36
"368","401723105400000",1996-07-16,0.23,9.28,9.28
"369","401723105400000",1996-07-23,0.21,5.2,5.2
"370","401723105400000",1996-07-30,0.22,6.62,6.62
"371","401723105400000",1996-08-06,0.2,4.1,4.1
"372","401723105400000",1996-08-13,0.2,3.11,3.11
"373","401723105400000",1996-08-20,0.18,3.34,3.34
"374","401723105400000",1996-08-27,0.17,2.82,2.82
"375","401723105400000",1996-09-05,0.16,3.72,3.72
"376","401723105400000",1996-09-11,0.22,2.41,2.41
"377","401723105400000",1996-09-16,0.25,2.36,2.36
"378","401723105400000",1996-10-01,0.38,1.86,1.86
"379","401723105400000",1996-10-08,0.42,1.37,1.37
"380","401723105400000",1997-04-16,0.4,0.03,0.03
"381","401723105400000",1997-05-06,0.61,0.02,0.02
"382","401723105400000",1997-05-13,0.54,0.75,0.75
"383","401723105400000",1997-05-21,0.62,5.91,5.91
"384","401723105400000",1997-05-28,0.61,1.25,1.25
"385","401723105400000",1997-06-03,0.51,8.23,8.23
"386","401723105400000",1997-06-09,0.49,6.85,6.85
"387","401723105400000",1997-06-17,0.4,8.22,8.22
"388","401723105400000",1997-06-25,0.36,8.27,8.27
"389","401723105400000",1997-07-01,0.29,6.25,6.25
"390","401723105400000",1997-07-09,0.26,6.13,6.13
"391","401723105400000",1997-07-16,0.23,5.39,5.39
"392","401723105400000",1997-07-23,0.2,7.04,7.04
"393","401723105400000",1997-07-30,0.21,8.89,8.89
"394","401723105400000",1997-08-08,0.25,5.57,5.57
"395","401723105400000",1997-08-13,0.25,5.16,5.16
"396","401723105400000",1997-08-19,0.23,3.28,3.28
"397","401723105400000",1997-08-28,0.21,3.54,3.54
"398","401723105400000",1997-09-03,0.2,3.45,3.45
"399","401723105400000",1997-09-11,0.21,2.55,2.55
"400","401723105400000",1997-09-17,0.21,2.48,2.48
"401","401723105400000",1997-09-24,0.34,2.81,2.81
"402","401723105400000",1997-10-07,0.31,1.7,1.7
"403","401723105400000",1997-10-20,0.3,1.2,1.2
"404","401723105400000",1997-11-25,0.33,0.64,0.64
"405","401723105400000",1997-12-16,0.32,0.41,0.41
"406","401723105400000",1998-02-02,0.38,0.15,0.15
"407","401723105400000",1998-03-11,0.38,0.07,0.07
"408","401723105400000",1998-04-07,0.4,0.04,0.04
"409","401723105400000",1998-04-22,0.3,0.03,0.03
"410","401723105400000",1998-05-06,0.68,0.05,0.05
"411","401723105400000",1998-05-19,0.58,2.39,2.39
"412","401723105400000",1998-05-27,0.59,3.79,3.79
"413","401723105400000",1998-06-04,0.51,2.81,2.81
"414","401723105400000",1998-06-09,0.45,2.9,2.9
"415","401723105400000",1998-06-15,0.49,2.6,2.6
"416","401723105400000",1998-06-23,0.43,5.7,5.7
"417","401723105400000",1998-07-01,0.3,10.4,10.4
"418","401723105400000",1998-07-06,0.32,9.08,9.08
"419","401723105400000",1998-07-14,0.26,7.11,7.11
"420","401723105400000",1998-07-20,0.22,6.66,6.66
"421","401723105400000",1998-07-29,0.25,7.99,7.99
"422","401723105400000",1998-08-04,0.24,6.84,6.84
"423","401723105400000",1998-08-12,0.24,3.81,3.81
"424","401723105400000",1998-08-20,0.21,3.7,3.7
"425","401723105400000",1998-08-27,0.21,3.4,3.4
"426","401723105400000",1998-09-03,0.23,2.8,2.8
"427","401723105400000",1998-09-11,0.19,3,3
"428","401723105400000",1998-09-15,0.17,2.7,2.7
"429","401723105400000",1998-10-01,0.3,1.62,1.62
"430","401723105400000",1998-10-07,0.31,1.44,1.44
"431","401723105400000",1998-11-12,0.35,0.68,0.68
"432","401723105400000",1998-12-17,0.385,0.33,0.33
"433","401723105400000",1999-01-25,0.4,0.15,0.15
"434","401723105400000",1999-03-03,0.41,0.07,0.07
"435","401723105400000",1999-03-23,0.43,0.05,0.05
"436","401723105400000",1999-04-13,0.41,0.03,0.03
"437","401723105400000",1999-04-14,0.43,0.03,0.03
"438","401723105400000",1999-04-28,0.42,0.02,0.02
"439","401723105400000",1999-05-12,0.515,0.02,0.02
"440","401723105400000",1999-05-19,0.7,0.01,0.01
"441","401723105400000",1999-05-25,0.43,0.01,0.01
"442","401723105400000",1999-06-01,0.64,0.01,0.01
"443","401723105400000",1999-06-08,0.65,4.09,4.09
"444","401723105400000",1999-06-15,0.525,6.7,6.7
"445","401723105400000",1999-06-22,0.49,11,11
"446","401723105400000",1999-06-29,0.39,10,10
"447","401723105400000",1999-07-06,0.27,9.91,9.91
"448","401723105400000",1999-07-13,0.26,7,7
"449","401723105400000",1999-07-20,0.24,5.8,5.8
"450","401723105400000",1999-07-27,0.225,5.3,5.3
"451","401723105400000",1999-08-03,0.22,4.89,4.89
"452","401723105400000",1999-08-10,0.23,5.3,5.3
"453","401723105400000",1999-08-17,0.22,3.7,3.7
"454","401723105400000",1999-08-24,0.21,3.3,3.3
"455","401723105400000",1999-08-31,0.19,4,4
"456","401723105400000",1999-09-07,0.22,2,2
"457","401723105400000",1999-09-14,0.28,1.4,1.4
"458","401723105400000",1999-09-21,0.3,1.4,1.4
"459","401723105400000",1999-10-05,0.305,0.5,0.5
"460","401723105400000",1999-10-08,0.32,0.47,0.47
"461","401723105400000",1999-10-12,0.33,0.43,0.43
"462","401723105400000",1999-10-26,0.34,0.32,0.32
"463","401723105400000",1999-11-05,0.35,0.26,0.26
"464","401723105400000",1999-11-16,0.35,0.21,0.21
"465","401723105400000",1999-12-15,0.37,0.12,0.12
"466","401723105400000",2000-01-20,0.39,0.06,0.06
"467","401723105400000",2000-02-23,0.4,0.03,0.03
"468","401723105400000",2000-03-15,0.4,0.02,0.02
"469","401723105400000",2000-04-12,0.53,0.02,0.02
"470","401723105400000",2000-04-19,0.54,0.02,0.02
"471","401723105400000",2000-04-28,0.65,0.46,0.46
"472","401723105400000",2000-05-02,0.6,0.92,0.92
"473","401723105400000",2000-05-09,0.57,1.11,1.11
"474","401723105400000",2000-05-16,0.5,1.3,1.3
"475","401723105400000",2000-05-23,0.56,6.04,6.04
"476","401723105400000",2000-05-30,0.41,7.3,7.3
"477","401723105400000",2000-06-07,0.43,9.36,9.36
"478","401723105400000",2000-06-13,0.37,6.23,6.23
"479","401723105400000",2000-06-20,0.38,5.58,5.58
"480","401723105400000",2000-06-27,0.33,5.36,5.36
"481","401723105400000",2000-07-05,0.3,5.23,5.23
"482","401723105400000",2000-07-11,0.25,5.45,5.45
"483","401723105400000",2000-07-18,0.27,5.12,5.12
"484","401723105400000",2000-07-25,0.23,3.82,3.82
"485","401723105400000",2000-08-01,0.21,3.47,3.47
"486","401723105400000",2000-08-08,0.22,2.82,2.82
"487","401723105400000",2000-08-15,0.22,2.99,2.99
"488","401723105400000",2000-08-22,0.25,2.74,2.74
"489","401723105400000",2000-08-30,0.4,4.62,4.62
"490","401723105400000",2000-09-06,0.33,2.83,2.83
"491","401723105400000",2000-09-13,0.36,1.83,1.83
"492","401723105400000",2000-09-19,0.35,1.56,1.56
"493","401723105400000",2000-09-26,0.47,1.85,1.85
"494","401723105400000",2000-10-03,0.54,1.58,1.58
"495","401723105400000",2000-10-10,0.49,0.98,0.98
"496","401723105400000",2000-10-17,0.47,0.72,0.72
"497","401723105400000",2000-10-24,0.45,0.56,0.56
"498","401723105400000",2000-11-08,0.46,0.33,0.33
"499","401723105400000",2000-12-23,0.47,0.12,0.12
"500","401723105400000",2001-02-06,0.48,0.05,0.05
"501","401723105400000",2001-03-07,0.49,0.03,0.03
"502","401723105400000",2001-04-10,0.49,0.02,0.02
"503","401723105400000",2001-04-16,0.48,0.11,0.11
"504","401723105400000",2001-04-25,0.53,0.41,0.41
"505","401723105400000",2001-05-01,0.52,1.11,1.11
"506","401723105400000",2001-05-08,0.6,0.94,0.94
"507","401723105400000",2001-05-15,0.65,5.43,5.43
"508","401723105400000",2001-05-22,0.64,2.43,2.43
"509","401723105400000",2001-05-29,0.61,4.34,4.34
"510","401723105400000",2001-06-05,0.51,4.47,4.47
"511","401723105400000",2001-06-12,0.51,4.98,4.98
"512","401723105400000",2001-06-20,0.435,6.17,6.17
"513","401723105400000",2001-06-26,0.35,8.08,8.08
"514","401723105400000",2001-07-03,0.33,5.99,5.99
"515","401723105400000",2001-07-10,0.3,4.7,4.7
"516","401723105400000",2001-07-17,0.32,3.77,3.77
"517","401723105400000",2001-07-24,0.29,3.42,3.42
"518","401723105400000",2001-07-31,0.28,3.54,3.54
"519","401723105400000",2001-08-06,0.39,6.24,6.24
"520","401723105400000",2001-08-14,0.43,6.45,6.45
"521","401723105400000",2001-08-21,0.45,3.52,3.52
"522","401723105400000",2001-08-28,0.43,2.71,2.71
"523","401723105400000",2001-09-04,0.43,2.54,2.54
"524","401723105400000",2001-09-11,0.46,1.79,1.79
"525","401723105400000",2001-09-19,0.63,2.3,2.3
"526","401723105400000",2001-09-25,0.52,2.02,2.02
"527","401723105400000",2001-10-09,0.48,1.4,1.4
"528","401723105400000",2001-11-13,0.49,0.5,0.5
"529","401723105400000",2001-12-19,0.51,0.23,0.23
"530","401723105400000",2002-01-22,0.52,0.12,0.12
"531","401723105400000",2002-03-06,0.525,0.05,0.05
"532","401723105400000",2002-04-03,0.62,0.13,0.13
"533","401723105400000",2002-04-10,0.7,0.19,0.19
"534","401723105400000",2002-04-17,0.56,0.23,0.23
"535","401723105400000",2002-04-23,0.52,0.18,0.18
"536","401723105400000",2002-04-30,0.63,0.42,0.42
"537","401723105400000",2002-05-07,0.57,0.77,0.77
"538","401723105400000",2002-05-14,0.68,0.83,0.83
"539","401723105400000",2002-05-21,0.76,1.49,1.49
"540","401723105400000",2002-05-28,0.71,2.47,2.47
"541","401723105400000",2002-06-04,0.7,3.41,3.41
"542","401723105400000",2002-06-11,0.605,3.42,3.42
"543","401723105400000",2002-06-18,0.58,3.78,3.78
"544","401723105400000",2002-06-25,0.48,3.8,3.8
"545","401723105400000",2002-07-02,0.45,3.02,3.02
"546","401723105400000",2002-07-09,0.39,3.76,3.76
"547","401723105400000",2002-07-16,0.385,3.15,3.15
"548","401723105400000",2002-07-23,0.42,3.09,3.09
"549","401723105400000",2002-07-30,0.42,2.47,2.47
"550","401723105400000",2002-08-06,0.48,3.1,3.1
"551","401723105400000",2002-08-09,0.47,2.36,2.36
"552","401723105400000",2002-08-10,0.47,2.29,2.29
"553","401723105400000",2002-08-11,0.5,2.06,2.06
"554","401723105400000",2002-08-13,0.49,2.12,2.12
"555","401723105400000",2002-08-20,0.44,1.98,1.98
"556","401723105400000",2002-08-27,0.43,1.69,1.69
"557","401723105400000",2002-09-03,0.47,1.6,1.6
"558","401723105400000",2002-09-10,0.5,1.82,1.82
"559","401723105400000",2002-09-11,0.563333333333333,2.48,2.48
"560","401723105400000",2002-09-12,0.66,1.89,1.89
"561","401723105400000",2002-09-17,0.61,1.29,1.29
"562","401723105400000",2002-09-24,0.61,0.9,0.9
"563","401723105400000",2002-10-01,0.64,0.88,0.88
"564","401723105400000",2002-10-09,0.65,0.65,0.65
"565","401723105400000",2002-10-21,0.62,0.43,0.43
"566","401723105400000",2002-10-27,0.63,0.37,0.37
"567","401723105400000",2002-11-14,0.63,0.22,0.22
"568","401723105400000",2002-12-04,0.65,0.15,0.15
"569","401723105400000",2003-01-14,0.64,0.08,0.08
"570","401723105400000",2003-02-10,0.64,0.05,0.05
"571","401723105400000",2003-03-12,0.64,0.04,0.04
"572","401723105400000",2003-04-10,0.68,0.05,0.05
"573","401723105400000",2003-04-17,0.67,0.1,0.1
"574","401723105400000",2003-04-23,0.59,0.1,0.1
"575","401723105400000",2003-04-30,0.65,0.17,0.17
"576","401723105400000",2003-05-07,0.67,0.11,0.11
"577","401723105400000",2003-05-16,0.79,1.73,1.73
"578","401723105400000",2003-05-20,0.85,NA,NA
"579","401723105400000",2003-05-28,0.79,11,11
"580","401723105400000",2003-06-05,0.73,4.3,4.3
"581","401723105400000",2003-06-10,0.66,8.7,8.7
"582","401723105400000",2003-06-13,0.63,9.8,9.8
"583","401723105400000",2003-06-17,0.61,9.6,9.6
"584","401723105400000",2003-06-24,0.51,8,8
"585","401723105400000",2003-07-01,0.41,10,10
"586","401723105400000",2003-07-08,0.34,8.6,8.6
"587","401723105400000",2003-07-15,0.31,7.4,7.4
"588","401723105400000",2003-07-22,0.3,6.9,6.9
"589","401723105400000",2003-07-29,0.29,5.1,5.1
"590","401723105400000",2003-08-06,0.28,5,5
"591","401723105400000",2003-08-12,0.32,5.6,5.6
"592","401723105400000",2003-08-21,0.4,4.6,4.6
"593","401723105400000",2003-08-28,0.36,3.3,3.3
"594","401723105400000",2003-09-02,0.42,2.4,2.4
"595","401723105400000",2003-09-09,0.5,2.3,2.3
"596","401723105400000",2003-09-16,0.56,1.4,1.4
"597","401723105400000",2003-09-23,0.55,1,1
"598","401723105400000",2003-09-30,0.52,0.93,0.93
"599","401723105400000",2003-10-07,0.51,0.76,0.76
"600","401723105400000",2003-10-13,0.54,0.67,0.67
"601","401723105400000",2003-10-21,0.53,0.56,0.56
"602","401723105400000",2003-11-25,0.57,0.28,0.28
"603","401723105400000",2004-01-08,0.59,0.09,0.09
"604","401723105400000",2004-02-04,0.59,0.05,0.05
"605","401723105400000",2004-03-03,0.57,0.05,0.05
"606","401723105400000",2004-04-07,0.65,0.16,0.16
"607","401723105400000",2004-04-13,0.62,0.08,0.08
"608","401723105400000",2004-04-20,0.69,0.11,0.11
"609","401723105400000",2004-04-29,0.68,0.13,0.13
"610","401723105400000",2004-05-05,0.92,1.7,1.7
"611","401723105400000",2004-05-11,0.8,2.1,2.1
"612","401723105400000",2004-05-19,0.8,3.6,3.6
"613","401723105400000",2004-05-25,0.77,1.3,1.3
"614","401723105400000",2004-06-01,0.8,1.7,1.7
"615","401723105400000",2004-06-08,0.63,7.5,7.5
"616","401723105400000",2004-06-15,0.64,6.79,6.79
"617","401723105400000",2004-06-23,0.64,5.02,5.02
"618","401723105400000",2004-06-29,0.54,9.17,9.17
"619","401723105400000",2004-07-06,0.48,5.5,5.5
"620","401723105400000",2004-07-13,0.38,6.47,6.47
"621","401723105400000",2004-07-20,0.39,8.75,8.75
"622","401723105400000",2004-07-27,0.41,4,4
"623","401723105400000",2004-08-03,0.38,3.9,3.9
"624","401723105400000",2004-08-10,0.37,2.9,2.9
"625","401723105400000",2004-08-17,0.37,2.5,2.5
"626","401723105400000",2004-08-24,0.46,2.3,2.3
"627","401723105400000",2004-08-31,0.49,1.9,1.9
"628","401723105400000",2004-09-07,0.53,1.5,1.5
"629","401723105400000",2004-09-14,0.53,1.7,1.7
"630","401723105400000",2004-09-21,0.55,1.9,1.9
"631","401723105400000",2004-09-28,0.59,1.6,1.6
"632","401723105400000",2004-10-05,0.64,1.9,1.9
"633","401723105400000",2004-10-12,0.63,1.2,1.2
"634","401723105400000",2004-10-19,0.59,0.83,0.83
"635","401723105400000",2004-11-11,0.62,0.43,0.43
"636","401723105400000",2004-12-01,0.64,0.24,0.24
"637","401723105400000",2005-01-18,0.62,0.07,0.07
"638","401723105400000",2005-02-22,0.61,0.06,0.06
"639","401723105400000",2005-04-07,0.61,0.07,0.07
"640","401723105400000",2005-04-15,0.69,0.17,0.17
"641","401723105400000",2005-04-26,0.65,0.13,0.13
"642","401723105400000",2005-05-03,0.65,0.12,0.12
"643","401723105400000",2005-05-10,0.67,0.66,0.66
"644","401723105400000",2005-05-17,0.69,0.66,0.66
"645","401723105400000",2005-05-24,0.7,5.21,5.21
"646","401723105400000",2005-06-02,0.61,5.75,5.75
"647","401723105400000",2005-06-07,0.66,5.55,5.55
"648","401723105400000",2005-06-14,0.61,3.27,3.27
"649","401723105400000",2005-06-21,0.53,11.3,11.3
"650","401723105400000",2005-06-28,0.43,8.19,8.19
"651","401723105400000",2005-07-05,0.41,6.39,6.39
"652","401723105400000",2005-07-12,0.34,6.71,6.71
"653","401723105400000",2005-07-19,0.36,6.34,6.34
"654","401723105400000",2005-07-26,0.34,8.14,8.14
"655","401723105400000",2005-08-02,0.33,7.13,7.13
"656","401723105400000",2005-08-09,0.37,4.24,4.24
"657","401723105400000",2005-08-16,0.37,3.55,3.55
"658","401723105400000",2005-08-23,0.36,2.71,2.71
"659","401723105400000",2005-09-01,0.35,1.91,1.91
"660","401723105400000",2005-09-06,0.34,1.83,1.83
"661","401723105400000",2005-09-13,0.35,1.26,1.26
"662","401723105400000",2005-09-27,0.38,1.11,1.11
"663","401723105400000",2005-10-04,0.41,1.12,1.12
"664","401723105400000",2005-10-18,0.51,1.18,1.18
"665","401723105400000",2005-12-22,0.55,0.26,0.26
"666","401723105400000",2006-02-07,0.57,0.1,0.1
"667","401723105400000",2006-03-22,0.57,0.07,0.07
"668","401723105400000",2006-04-04,0.52,0.07,0.07
"669","401723105400000",2006-04-11,0.62,0.09,0.09
"670","401723105400000",2006-04-20,0.61,0.13,0.13
"671","401723105400000",2006-04-26,0.62,0.19,0.19
"672","401723105400000",2006-05-03,0.63,0.36,0.36
"673","401723105400000",2006-05-09,0.66,0.36,0.36
"674","401723105400000",2006-05-16,0.72,2.16,2.16
"675","401723105400000",2006-05-23,0.68,4.81,4.81
"676","401723105400000",2006-05-30,0.64,2.3,2.3
"677","401723105400000",2006-06-06,0.57,7.26,7.26
"678","401723105400000",2006-06-13,0.44,8.3,8.3
"679","401723105400000",2006-06-20,0.4,6.68,6.68
"680","401723105400000",2006-06-27,0.36,5.42,5.42
"681","401723105400000",2006-07-03,0.33,6.19,6.19
"682","401723105400000",2006-07-11,0.35,8.41,8.41
"683","401723105400000",2006-07-18,0.29,5.38,5.38
"684","401723105400000",2006-07-25,0.26,5.13,5.13
"685","401723105400000",2006-08-02,0.27,3.7,3.7
"686","401723105400000",2006-08-08,0.26,2.97,2.97
"687","401723105400000",2006-08-15,0.26,2.5,2.5
"688","401723105400000",2006-08-22,0.29,2.33,2.33
"689","401723105400000",2006-08-29,0.36,1.8,1.8
"690","401723105400000",2006-09-05,0.36,1.58,1.58
"691","401723105400000",2006-09-12,0.5,1.9,1.9
"692","401723105400000",2006-09-19,0.47,1.34,1.34
"693","401723105400000",2006-09-27,0.46,0.96,0.96
"694","401723105400000",2006-10-23,0.55,0.55,0.55
"695","401723105400000",2006-11-17,0.55,0.48,0.48
"696","401723105400000",2006-12-08,0.56,0.35,0.35
"697","401723105400000",2007-01-23,0.57,0.17,0.17
"698","401723105400000",2007-03-12,0.58,0.09,0.09
"699","401723105400000",2007-04-03,0.55,0.11,0.11
"700","401723105400000",2007-04-10,0.55,0.11,0.11
"701","401723105400000",2007-04-20,0.54,0.16,0.16
"702","401723105400000",2007-05-01,0.7,1.42,1.42
"703","401723105400000",2007-05-08,0.72,1.07,1.07
"704","401723105400000",2007-05-15,0.7,3.77,3.77
"705","401723105400000",2007-05-22,0.66,3.46,3.46
"706","401723105400000",2007-05-29,0.62,3.9,3.9
"707","401723105400000",2007-06-05,0.6,4.55,4.55
"708","401723105400000",2007-06-11,0.55,4.8,4.8
"709","401723105400000",2007-06-19,0.46,6.34,6.34
"710","401723105400000",2007-06-26,0.39,6.9,6.9
"711","401723105400000",2007-07-03,0.36,6.19,6.19
"712","401723105400000",2007-07-10,0.33,5.06,5.06
"713","401723105400000",2007-07-17,0.31,4.25,4.25
"714","401723105400000",2007-07-24,0.27,5.05,5.05
"715","401723105400000",2007-07-31,0.28,3.22,3.22
"716","401723105400000",2007-08-06,0.3,4.04,4.04
"717","401723105400000",2007-08-14,0.32,3.42,3.42
"718","401723105400000",2007-08-21,0.37,3.56,3.56
"719","401723105400000",2007-08-28,0.37,2.61,2.61
"720","401723105400000",2007-09-04,0.4,2.12,2.12
"721","401723105400000",2007-09-11,0.49,1.94,1.94
"722","401723105400000",2007-09-21,0.54,1.9,1.9
"723","401723105400000",2007-10-02,0.55,1.76,1.76
"724","401723105400000",2007-10-23,0.57,1.02,1.02
"725","401723105400000",2007-11-15,0.58,0.46,0.46
"726","401723105400000",2007-12-18,0.6,0.17,0.17
"727","401723105400000",2008-01-24,0.58,0.08,0.08
"728","401723105400000",2008-03-06,0.59,0.05,0.05
"729","401723105400000",2008-04-08,0.63,0.04,0.04
"730","401723105400000",2008-04-17,0.67,0.07,0.07
"731","401723105400000",2008-04-30,0.6,0.1,0.1
"732","401723105400000",2008-05-06,0.52,0.14,0.14
"733","401723105400000",2008-05-14,0.61,0.5,0.5
"734","401723105400000",2008-05-20,0.65,2.2,2.2
"735","401723105400000",2008-05-28,0.64,2.76,2.76
"736","401723105400000",2008-06-03,0.63,3.82,3.82
"737","401723105400000",2008-06-11,0.58,2.89,2.89
"738","401723105400000",2008-06-17,0.56,6.26,6.26
"739","401723105400000",2008-06-25,0.46,8.57,8.57
"740","401723105400000",2008-06-30,0.42,9.31,9.31
"741","401723105400000",2008-07-08,0.37,6.54,6.54
"742","401723105400000",2008-07-15,0.34,5.84,5.84
"743","401723105400000",2008-07-22,0.29,7.49,7.49
"744","401723105400000",2008-07-29,0.28,5.02,5.02
"745","401723105400000",2008-08-05,0.26,3.86,3.86
"746","401723105400000",2008-08-12,0.27,3.79,3.79
"747","401723105400000",2008-08-19,0.44,4.2,4.2
"748","401723105400000",2008-08-26,0.35,3.66,3.66
"749","401723105400000",2008-09-02,0.31,2.54,2.54
"750","401723105400000",2008-09-10,0.38,1.5,1.5
"751","401723105400000",2008-09-15,0.47,1.64,1.64
"752","401723105400000",2008-09-23,0.52,1.63,1.63
"753","401723105400000",2008-09-30,0.49,1.16,1.16
"754","401723105400000",2008-10-23,0.52,0.6,0.6
"755","401723105400000",2008-12-11,0.52,0.18,0.18
"756","401723105400000",2009-01-16,0.54,0.09,0.09
"757","401723105400000",2009-03-05,0.5,0.02,0.02
"758","401723105400000",2009-04-07,0.5,0.06,0.06
"759","401723105400000",2009-04-21,0.48,0.05,0.05
"760","401723105400000",2009-04-28,0.47,0.06,0.06
"761","401723105400000",2009-05-06,0.4,0.23,0.23
"762","401723105400000",2009-05-12,0.34,0.58,0.58
"763","401723105400000",2009-05-19,0.36,4.04,4.04
"764","401723105400000",2009-05-26,0.38,2.9,2.9
"765","401723105400000",2009-06-02,0.33,3.98,3.98
"766","401723105400000",2009-06-09,0.32,2.97,2.97
"767","401723105400000",2009-06-17,0.29,6.39,6.39
"768","401723105400000",2009-06-23,0.34,9.4,9.4
"769","401723105400000",2009-06-30,0.29,9.29,9.29
"770","401723105400000",2009-07-07,0.25,8.4,8.4
"771","401723105400000",2009-07-14,0.2,8.37,8.37
"772","401723105400000",2009-07-21,0.19,6.16,6.16
"773","401723105400000",2009-07-28,0.18,5.24,5.24
"774","401723105400000",2009-08-04,0.18,4.11,4.11
"775","401723105400000",2009-08-12,0.18,3.07,3.07
"776","401723105400000",2009-08-18,0.2,2.49,2.49
"777","401723105400000",2009-08-25,0.18,3.12,3.12
"778","401723105400000",2009-09-01,0.2,2.14,2.14
"779","401723105400000",2009-09-08,0.21,1.91,1.91
"780","401723105400000",2009-09-15,0.24,1.3,1.3
"781","401723105400000",2009-09-22,0.25,1.2,1.2
"782","401723105400000",2009-10-06,0.25,0.89,0.89
"783","401723105400000",2009-10-27,0.3,0.35,0.35
"784","401723105400000",2009-12-01,0.38,0.15,0.15
"785","401723105400000",2010-01-19,0.4,0.04,0.04
"786","401723105400000",2010-02-09,0.46,0.03,0.03
"787","401723105400000",2010-03-09,0.5,0.02,0.02
"788","401723105400000",2010-04-06,0.43,0.02,0.02
"789","401723105400000",2010-04-15,0.56,0.04,0.04
"790","401723105400000",2010-04-20,0.63,0.21,0.21
"791","401723105400000",2010-04-27,0.43,0.08,0.08
"792","401723105400000",2010-05-11,0.53,0.06,0.06
"793","401723105400000",2010-05-18,0.82,0.51,0.51
"794","401723105400000",2010-05-25,0.3,1.02,1.02
"795","401723105400000",2010-06-01,0.34,4.25,4.25
"796","401723105400000",2010-06-08,0.41,15.3,15.3
"797","401723105400000",2010-06-15,0.49,5.06,5.06
"798","401723105400000",2010-06-22,0.52,8.23,8.23
"799","401723105400000",2010-06-29,0.41,8.04,8.04
"800","401723105400000",2010-07-06,0.29,5.77,5.77
"801","401723105400000",2010-07-13,0.25,6.25,6.25
"802","401723105400000",2010-07-20,0.22,4.93,4.93
"803","401723105400000",2010-07-27,0.25,3.65,3.65
"804","401723105400000",2010-08-03,0.17,7.84,7.84
"805","401723105400000",2010-08-10,0.25,3.79,3.79
"806","401723105400000",2010-08-17,0.25,2.77,2.77
"807","401723105400000",2010-08-24,0.2,2.93,2.93
"808","401723105400000",2010-08-31,0.25,1.49,1.49
"809","401723105400000",2010-09-07,0.32,0.96,0.96
"810","401723105400000",2010-09-14,0.28,0.74,0.74
"811","401723105400000",2010-09-21,0.27,0.89,0.89
"812","401723105400000",2010-09-28,0.28,0.69,0.69
"813","401723105400000",2010-10-05,0.3,0.63,0.63
"814","401723105400000",2010-10-12,0.32,0.64,0.64
"815","401723105400000",2010-10-19,0.33,0.55,0.55
"816","401723105400000",2010-10-27,0.36,0.47,0.47
"817","401723105400000",2010-11-02,0.37,0.43,0.43
"818","401723105400000",2010-11-16,0.4,0.29,0.29
"819","401723105400000",2010-12-07,0.39,0.2,0.2
"820","401723105400000",2011-01-04,0.41,0.12,0.12
"821","401723105400000",2011-02-16,0.42,0.03,0.03
"822","401723105400000",2011-03-08,0.43,0.02,0.02
"823","401723105400000",2011-05-03,0.43,0.02,0.02
"824","401723105400000",2011-05-10,0.52,0.12,0.12
"825","401723105400000",2011-05-17,0.51,0.19,0.19
"826","401723105400000",2011-05-24,0.46,0.13,0.13
"827","401723105400000",2011-05-31,0.58,0.23,0.23
"828","401723105400000",2011-06-07,0.6,5.1,5.1
"829","401723105400000",2011-06-14,0.49,5.21,5.21
"830","401723105400000",2011-06-21,0.52,6.55,6.55
"831","401723105400000",2011-06-28,0.42,9.9,9.9
"832","401723105400000",2011-07-06,0.31,12.8,12.8
"833","401723105400000",2011-07-13,0.26,15.4,15.4
"834","401723105400000",2011-07-19,0.21,18.5,18.5
"835","401723105400000",2011-07-26,0.2,9.01,9.01
"836","401723105400000",2011-08-02,0.22,9.45,9.45
"837","401723105400000",2011-08-09,0.19,5.26,5.26
"838","401723105400000",2011-08-16,0.21,5.41,5.41
"839","401723105400000",2011-08-23,0.18,4.93,4.93
"840","401723105400000",2011-08-30,0.15,4.66,4.66
"841","401723105400000",2011-09-06,0.18,3.19,3.19
"842","401723105400000",2011-09-13,0.25,2.76,2.76
"843","401723105400000",2011-09-20,0.33,2.39,2.39
"844","401723105400000",2011-09-29,0.28,1.72,1.72
"845","401723105400000",2011-10-16,0.27,1.07,1.07
"846","401723105400000",2011-11-29,0.25,0.35,0.35
"847","401723105400000",2012-01-10,0.4,0.13,0.13
"848","401723105400000",2012-02-20,0.38,0.08,0.08
"849","401723105400000",2012-04-09,0.35,0.28,0.28
"850","401723105400000",2012-04-16,0.38,0.18,0.18
"851","401723105400000",2012-04-23,0.38,0.68,0.68
"852","401723105400000",2012-04-30,0.45,0.58,0.58
"853","401723105400000",2012-05-09,0.5,0.92,0.92
"854","401723105400000",2012-05-15,0.51,1.85,1.85
"855","401723105400000",2012-05-22,0.5,2.9,2.9
"856","401723105400000",2012-05-29,0.45,1.82,1.82
"857","401723105400000",2012-06-05,0.45,5.07,5.07
"858","401723105400000",2012-06-12,0.45,3.28,3.28
"859","401723105400000",2012-06-19,0.36,4.77,4.77
"860","401723105400000",2012-06-26,0.28,4.94,4.94
"861","401723105400000",2012-07-03,0.27,4.03,4.03
"862","401723105400000",2012-07-17,0.26,3.92,3.92
"863","401723105400000",2012-07-23,0.24,3.53,3.53
"864","401723105400000",2012-07-31,0.28,4.12,4.12
"865","401723105400000",2012-08-08,0.23,2.86,2.86
"866","401723105400000",2012-08-13,0.22,2.15,2.15
"867","401723105400000",2012-08-20,0.24,1.6,1.6
"868","401723105400000",2012-08-28,0.23,1.75,1.75
"869","401723105400000",2012-09-04,0.25,1.82,1.82
"870","401723105400000",2012-09-11,0.27,1.36,1.36
"871","401723105400000",2012-09-26,0.47,1.37,1.37
"872","401723105400000",2012-10-02,0.49,1.2,1.2
"873","401723105400000",2012-10-15,0.44,0.75,0.75
"874","401723105400000",2012-11-28,0.48,0.21,0.21
"875","401723105400000",2013-01-17,0.5,0.05,0.05
"876","401723105400000",2013-03-12,0.5,0.01,0.01
"877","401723105400000",2013-04-01,0.47,0.01,0.01
"878","401723105400000",2013-04-12,0.48,0.02,0.02
"879","401723105400000",2013-04-22,0.51,0.02,0.02
"880","401723105400000",2013-04-29,0.68,0.11,0.11
"881","401723105400000",2013-05-07,0.51,0.09,0.09
"882","401723105400000",2013-05-14,0.68,1.03,1.03
"883","401723105400000",2013-05-22,0.64,0.82,0.82
"884","401723105400000",2013-05-28,0.62,3.4,3.4
"885","401723105400000",2013-06-04,0.59,4.49,4.49
"886","401723105400000",2013-06-11,0.54,10.8,10.8
"887","401723105400000",2013-06-18,0.47,6.99,6.99
"888","401723105400000",2013-07-02,0.34,5.98,5.98
"889","401723105400000",2013-07-16,0.32,5.59,5.59
"890","401723105400000",2013-07-31,0.34,3.86,3.86
"891","401723105400000",2013-08-20,0.33,2.56,2.56
"892","401723105400000",2013-09-03,0.39,3.29,3.29
"893","401723105400000",2013-10-22,0.538,0.66,0.66
"894","401723105400000",2013-12-17,0.573,0.15,0.15
"895","401723105400000",2014-01-21,0.571,0.07,0.07
"896","401723105400000",2014-02-25,0.57,0.04,0.04
"897","401723105400000",2014-03-25,0.585,0.03,0.03
"898","401723105400000",2014-04-16,0.547,0.04,0.04
"899","401723105400000",2014-04-22,0.471,0.14,0.14
"900","401723105400000",2014-04-29,0.471,0.09,0.09
"901","401723105400000",2014-05-06,0.435,0.23,0.23
"902","401723105400000",2014-05-13,0.48,0.1,0.1
"903","401723105400000",2014-05-20,0.553,1.08,1.08
"904","401723105400000",2014-05-27,0.667,4.94,4.94
"905","401723105400000",2014-06-03,0.509,6.68,6.68
"906","401723105400000",2014-06-10,0.511,5.38,5.38
"907","401723105400000",2014-06-17,0.473,6.26,6.26
"908","401723105400000",2014-06-24,0.395,8.44,8.44
"909","401723105400000",2014-07-01,0.328,8.63,8.63
"910","401723105400000",2014-07-08,0.261,9.31,9.31
"911","401723105400000",2014-07-22,0.243,5.81,5.81
"912","401723105400000",2014-08-05,0.294,5.23,5.23
"913","401723105400000",2014-08-19,0.261,3.57,3.57
"914","401723105400000",2014-09-03,0.304,2.81,2.81
"915","401723105400000",2014-09-24,0.377,2.64,2.64
"916","401723105400000",2014-10-14,0.429,1.21,1.21
"917","401723105400000",2014-12-03,0.469,0.22,0.22
"918","401723105400000",2015-01-27,0.496,0.05,0.05
"919","401723105400000",2015-03-06,0.486,0.03,0.03
"920","401723105400000",2015-04-06,0.418,0.1,0.1
"921","401723105400000",2015-04-14,0.4,0.16,0.16
"922","401723105400000",2015-04-21,0.46,0.07,0.07
"923","401723105400000",2015-04-28,0.443,0.1,0.1
"924","401723105400000",2015-05-05,0.5,0.59,0.59
"925","401723105400000",2015-05-12,0.528,0.36,0.36
"926","401723105400000",2015-05-26,0.513,0.74,0.74
"927","401723105400000",2015-06-02,0.599,7,7
"928","401723105400000",2015-06-09,0.452,9.22,9.22
"929","401723105400000",2015-06-16,0.369,10.6,10.6
"930","401723105400000",2015-06-23,0.328,10.6,10.6
"931","401723105400000",2015-07-01,0.273,9.31,9.31
"932","401723105400000",2015-07-07,0.244,8.2,8.2
"933","401723105400000",2015-07-14,0.24,5.91,5.91
"934","401723105400000",2015-07-22,0.228,4.09,4.09
"935","401723105400000",2015-08-04,0.224,2.68,2.68
"936","401723105400000",2015-08-11,0.218,2.16,2.16
"937","401723105400000",2015-08-18,0.212,2.44,2.44
"938","401723105400000",2015-09-01,0.234,1.91,1.91
"939","401723105400000",2015-09-15,0.303,1.36,1.36
"940","401723105400000",2015-09-29,0.235,0.78,0.78
"941","401723105400000",2015-10-21,0.332,0.71,0.71
"942","401723105400000",2015-11-24,0.405,0.26,0.26
"943","401723105400000",2015-12-17,0.416,0.19,0.19
"944","401723105400000",2016-01-19,0.431,0.13,0.13
"945","401723105400000",2016-02-16,0.427,0.06,0.06
"946","401723105400000",2016-03-29,0.449,0.08,0.08
"947","401723105400000",2016-04-13,0.476,0.07,0.07
"948","401723105400000",2016-04-26,0.431,0.14,0.14
"949","401723105400000",2016-05-02,0.453,0.12,0.12
"950","401723105400000",2016-05-11,0.505,0.19,0.19
"951","401723105400000",2016-05-20,0.535,1.3,1.3
"952","401723105400000",2016-05-31,0.526,1.93,1.93
"953","401723105400000",2016-06-08,0.464,6.64,6.64
"954","401723105400000",2016-06-14,0.405,9.66,9.66
"955","401723105400000",2016-06-23,0.321,10.3,10.3
"956","401723105400000",2016-06-29,0.292,7.99,7.99
"957","401723105400000",2016-07-07,0.265,6.86,6.86
"958","401723105400000",2016-07-12,0.252,5.35,5.35
"959","401723105400000",2016-07-19,0.24,4.9,4.9
"960","401723105400000",2016-07-26,0.221,3.71,3.71
"961","401723105400000",2016-08-02,0.209,3.34,3.34
"962","401723105400000",2016-08-09,0.238,3.1,3.1
"963","401723105400000",2016-08-16,0.278,1.99,1.99
"964","401723105400000",2016-08-30,0.29,1.65,1.65
"965","401723105400000",2016-09-12,0.251,1.13,1.13
"966","401723105400000",2016-09-27,0.328,0.99,0.99
"967","401723105400000",2016-11-01,0.39,0.46,0.46
"968","401723105400000",2016-11-30,0.437,0.19,0.19
"969","401723105400000",2017-01-03,0.445,0.09,0.09
"970","401723105400000",2017-02-13,0.429,0.07,0.07
"971","401723105400000",2017-03-13,0.453,0.08,0.08
"972","401723105400000",2017-04-10,0.398,0.11,0.11
"973","401723105400000",2017-04-24,0.364,0.16,0.16
"974","401723105400000",2017-05-01,0.439,0.11,0.11
"975","401723105400000",2017-05-08,0.447,0.76,0.76
"976","401723105400000",2017-05-17,0.502,1.57,1.57
"977","401723105400000",2017-05-30,0.486,2.13,2.13
"978","401723105400000",2017-06-06,0.428,6.97,6.97
"979","401723105400000",2017-06-13,0.393,8.23,8.23
"980","401723105400000",2017-06-20,0.339,11.7,11.7
"981","401723105400000",2017-06-26,0.298,7.88,7.88
"982","401723105400000",2017-07-05,0.261,6.76,6.76
"983","401723105400000",2017-07-11,0.221,8.2,8.2
"984","401723105400000",2017-07-24,0.208,5.7,5.7
"985","401723105400000",2017-08-07,0.24,5.18,5.18
"986","401723105400000",2017-08-21,0.288,3.13,3.13
"987","401723105400000",2017-09-18,0.3,1.23,1.23
"988","401723105400000",2018-02-13,0.478,0.06,0.06
"989","401723105400000",2018-04-10,0.482,0.05,0.05
"990","401723105400000",2018-04-16,0.471,0.05,0.05
"991","401723105400000",2018-05-01,0.422,0.31,0.31
"992","401723105400000",2018-05-09,0.475,1.43,1.43
"993","401723105400000",2018-05-22,0.51,3.88,3.88
"994","401723105400000",2018-06-05,0.453,6.59,6.59
"995","401723105400000",2018-06-19,0.347,6.66,6.66
"996","401723105400000",2018-07-03,0.309,3.82,3.82
"997","401723105400000",2018-07-18,0.294,3.84,3.84
"998","401723105400000",2018-08-07,0.269,2.35,2.35
"999","401723105400000",2018-08-20,0.261,1.56,1.56
"1000","401723105400000",2018-09-11,0.298,1.24,1.24
"1001","401723105400000",2018-09-21,0.295,0.95,0.95
"1002","401723105400000",2018-10-23,0.412,0.69,0.69
"1003","401723105400000",2018-11-14,0.425,0.38,0.38
"1004","401723105400000",2019-03-12,0.469,0.05,0.05
"1005","401723105400000",2019-04-08,0.171,0.05,0.05
"1006","401723105400000",2019-04-22,0.409,0.16,0.16
"1007","401723105400000",2019-05-02,0.436,0.14,0.14
"1008","401723105400000",2019-05-08,0.452,0.21,0.21
"1009","401723105400000",2019-05-13,0.468,0.29,0.29
"1010","401723105400000",2019-05-23,0.612,0.26,0.26
"1011","401723105400000",2019-05-30,0.579,0.44,0.44
"1012","401723105400000",2019-06-05,0.616,5.05,5.05
"1013","401723105400000",2019-06-19,0.467,7.59,7.59
"1014","401723105400000",2019-06-25,0.487,4.22,4.22
"1015","401723105400000",2019-07-09,0.34,8.94,8.94
"1016","401723105400000",2019-07-23,0.267,7.91,7.91
"1017","401723105400000",2019-08-08,0.231,4.31,4.31
"1018","401723105400000",2019-08-21,0.214,3.09,3.09
"1019","401723105400000",2019-09-18,0.301,1.34,1.34
"1020","401723105400000",2019-10-24,0.376,0.44,0.44
"1021","401723105400000",2019-11-19,0.395,0.26,0.26
"1022","401723105400000",2019-12-18,0.414,0.13,0.13
"1023","401723105400000",2020-01-14,0.431,0.08,0.08
"1024","401723105400000",2020-02-11,0.438,0.06,0.06
