siteID,seas,yr,Criteria1,Criteria2,Criteria3,Ca,Mg,K,Na,NH4,NO3,Cl,SO4,pH,conduc,svol,ppt,fullChemLab,daysSample,startDate,endDate
CO98,10,1983,100,100,100,.137,.025,.016,.060,.076,.562,.088,1.047,4.859,9.702,2220.500,5.813,4,28,"Oct  4 1983 12:00AM","Nov  1 1983 12:00AM"
CO98,11,1983,75,100,91,.061,.009,.015,.017,.037,.273,.069,.468,5.305,3.103,3455.800,15.389,3,28,"Nov  1 1983 12:00AM","Nov 29 1983 12:00AM"
CO98,12,1983,60,100,65,.078,.022,.008,.049,.013,.439,.075,.666,5.203,3.874,451.900,5.345,3,35,"Nov 29 1983 12:00AM","Jan  3 1984 12:00AM"
CO98,8,1983,50,50,100,.349,.039,.063,.078,.306,1.871,.143,1.594,4.536,17.041,1224.400,1.956,2,14,"Aug 16 1983 12:00AM","Aug 30 1983 12:00AM"
CO98,9,1983,100,100,100,.355,.049,.037,.081,.161,.982,.131,1.091,5.012,8.756,2880.800,6.147,5,35,"Aug 30 1983 12:00AM","Oct  4 1983 12:00AM"
CO98,1,1984,75,100,90,.175,.059,.060,.194,.041,.681,.176,.621,5.604,5.788,465.500,2.666,3,28,"Jan  3 1984 12:00AM","Jan 31 1984 12:00AM"
CO98,10,1984,50,100,52,.064,.013,.008,.027,.106,.593,.044,.527,4.996,6.526,3945.500,15.900,2,28,"Oct  2 1984 12:00AM","Oct 30 1984 12:00AM"
CO98,11,1984,80,100,83,.391,.150,.059,.412,.057,.984,.292,1.202,5.532,9.647,390.400,5.537,4,35,"Oct 30 1984 12:00AM","Dec  4 1984 12:00AM"
CO98,12,1984,48,100,65,.144,.058,.016,.112,.010,.378,.068,.586,5.286,5.653,876.900,7.848,2,29,"Dec  4 1984 12:00AM","Jan  2 1985 12:00AM"
CO98,2,1984,100,100,100,.268,.036,.016,.118,.115,1.013,.119,.644,5.524,5.974,1263.700,3.556,3,28,"Jan 31 1984 12:00AM","Feb 28 1984 12:00AM"
CO98,3,1984,100,100,100,.201,.031,.010,.052,.216,.819,.035,.628,5.300,6.260,4173.900,11.100,5,35,"Feb 28 1984 12:00AM","Apr  3 1984 12:00AM"
CO98,4,1984,100,100,100,.175,.036,.012,.050,.155,.619,.064,.752,5.291,5.388,4740.100,16.332,4,28,"Apr  3 1984 12:00AM","May  1 1984 12:00AM"
CO98,5,1984,75,100,97,.168,.033,.022,.045,.112,.506,.112,.540,5.587,4.041,3393.900,8.611,3,28,"May  1 1984 12:00AM","May 29 1984 12:00AM"
CO98,6,1984,100,100,100,.156,.038,.032,.040,.129,.549,.110,.739,5.139,6.368,6268.900,11.101,5,35,"May 29 1984 12:00AM","Jul  3 1984 12:00AM"
CO98,7,1984,50,100,54,.114,.019,.031,.026,.123,.772,.110,.803,4.825,8.986,4046.900,10.973,2,28,"Jul  3 1984 12:00AM","Jul 31 1984 12:00AM"
CO98,8,1984,80,100,92,.090,.019,.015,.028,.092,.741,.080,.670,4.847,8.096,6460.300,10.592,4,35,"Jul 31 1984 12:00AM","Sep  4 1984 12:00AM"
CO98,9,1984,75,100,80,.328,.041,.022,.060,.164,.895,.116,1.038,5.010,8.923,3519.600,6.926,3,28,"Sep  4 1984 12:00AM","Oct  2 1984 12:00AM"
CO98,1,1985,74,100,86,.195,.091,.039,.188,.013,.489,.183,.690,5.343,6.102,750.800,6.554,3,27,"Jan  2 1985 12:00AM","Jan 29 1985 12:00AM"
CO98,10,1985,50,100,69,.084,.024,.010,.034,.019,.574,.028,.511,5.005,6.654,1444.100,5.067,2,28,"Oct  1 1985 12:00AM","Oct 29 1985 12:00AM"
CO98,11,1985,80,100,74,.080,.018,.009,.028,.010,.259,.035,.308,5.102,5.319,2877.700,22.708,4,35,"Oct 29 1985 12:00AM","Dec  3 1985 12:00AM"
CO98,12,1985,75,100,86,.393,.097,.055,.169,.026,1.349,.211,1.819,4.843,14.417,2233.900,7.036,3,28,"Dec  3 1985 12:00AM","Dec 31 1985 12:00AM"
CO98,2,1985,75,100,73,.193,.031,.017,.075,.010,.223,.100,.345,5.327,4.563,1441.900,7.849,3,28,"Jan 29 1985 12:00AM","Feb 26 1985 12:00AM"
CO98,3,1985,100,100,100,.403,.047,.025,.088,.136,.890,.110,.818,5.673,6.505,2377.400,14.504,5,35,"Feb 26 1985 12:00AM","Apr  2 1985 12:00AM"
CO98,4,1985,100,100,100,.335,.050,.099,.149,.161,.861,.238,.809,5.505,7.022,2720.300,10.820,4,28,"Apr  2 1985 12:00AM","Apr 30 1985 12:00AM"
CO98,5,1985,100,100,100,.341,.045,.041,.074,.274,1.427,.141,1.312,4.865,12.034,3443.500,7.316,5,35,"Apr 30 1985 12:00AM","Jun  4 1985 12:00AM"
CO98,6,1985,50,100,67,.211,.036,.105,.050,.141,.954,.106,1.018,4.795,10.731,2161.200,5.919,2,28,"Jun  4 1985 12:00AM","Jul  2 1985 12:00AM"
CO98,7,1985,100,100,100,.160,.030,.070,.032,.263,1.182,.141,.997,4.781,11.987,3724.700,6.350,4,28,"Jul  2 1985 12:00AM","Jul 30 1985 12:00AM"
CO98,8,1985,80,100,85,.429,.080,.043,.105,.266,1.748,.179,1.568,4.784,14.969,2077.200,5.130,4,35,"Jul 30 1985 12:00AM","Sep  3 1985 12:00AM"
CO98,9,1985,100,100,100,.136,.024,.013,.031,.099,.733,.065,.855,4.861,9.029,4950.900,10.567,4,28,"Sep  3 1985 12:00AM","Oct  1 1985 12:00AM"
CO98,1,1986,80,100,97,.354,.076,.067,.141,.025,1.912,.210,1.824,4.628,17.332,291.000,3.912,4,35,"Dec 31 1985 12:00AM","Feb  4 1986 12:00AM"
CO98,10,1986,100,100,100,.035,.004,.002,.033,.068,.408,.015,.388,5.175,4.585,5625.700,11.920,5,35,"Sep 30 1986 12:00AM","Nov  4 1986 12:00AM"
CO98,11,1986,100,100,100,.168,.041,.031,.156,.084,.799,.081,.668,5.164,6.715,1626.300,11.050,4,28,"Nov  4 1986 12:00AM","Dec  2 1986 12:00AM"
CO98,12,1986,75,100,93,.022,.007,.002,.061,.065,.503,.020,.381,4.975,5.770,1160.900,2.692,2,28,"Dec  2 1986 12:00AM","Dec 30 1986 12:00AM"
CO98,2,1986,75,75,100,.103,.017,.011,.037,.080,.620,.050,.488,5.132,5.654,510.400,15.341,2,28,"Feb  4 1986 12:00AM","Mar  4 1986 12:00AM"
CO98,3,1986,75,100,86,.208,.031,.017,.055,.096,.809,.072,.647,5.071,7.147,1261.800,5.791,3,28,"Mar  4 1986 12:00AM","Apr  1 1986 12:00AM"
CO98,4,1986,100,100,100,.270,.031,.022,.043,.334,.867,.083,.869,5.695,6.460,4245.900,18.186,4,28,"Apr  1 1986 12:00AM","Apr 29 1986 12:00AM"
CO98,5,1986,60,100,84,.380,.033,.020,.113,.021,.263,.101,.777,5.534,6.396,3165.800,8.611,2,35,"Apr 29 1986 12:00AM","Jun  3 1986 12:00AM"
CO98,6,1986,25,100,0,-9.000,-9.000,-9.000,-9.000,-9.000,-9.000,-9.000,-9.000,-9.000,-9.000,.000,5.856,0,28,"Jun  3 1986 12:00AM","Jul  1 1986 12:00AM"
CO98,7,1986,0,100,0,-9.000,-9.000,-9.000,-9.000,-9.000,-9.000,-9.000,-9.000,-9.000,-9.000,.000,5.283,0,28,"Jul  1 1986 12:00AM","Jul 29 1986 12:00AM"
CO98,8,1986,0,100,0,-9.000,-9.000,-9.000,-9.000,-9.000,-9.000,-9.000,-9.000,-9.000,-9.000,.000,7.341,0,35,"Jul 29 1986 12:00AM","Sep  2 1986 12:00AM"
CO98,9,1986,0,100,0,-9.000,-9.000,-9.000,-9.000,-9.000,-9.000,-9.000,-9.000,-9.000,-9.000,.000,10.262,0,28,"Sep  2 1986 12:00AM","Sep 30 1986 12:00AM"
CO98,1,1987,100,100,100,.090,.017,.010,.277,.063,.484,.100,.519,5.437,4.918,662.000,8.700,5,35,"Dec 30 1986 12:00AM","Feb  3 1987 12:00AM"
CO98,10,1987,100,100,100,.042,.007,.011,.042,.031,.225,.040,.387,5.286,4.657,2523.500,5.788,4,35,"Sep 29 1987 12:00AM","Nov  3 1987 12:00AM"
CO98,11,1987,100,100,100,.029,.005,.003,.051,.031,.354,.038,.194,5.246,4.331,2163.600,7.366,4,28,"Nov  3 1987 12:00AM","Dec  1 1987 12:00AM"
CO98,12,1987,50,100,38,.108,.014,.010,.052,.034,.502,.073,.351,5.544,3.662,386.500,14.198,2,28,"Dec  1 1987 12:00AM","Dec 29 1987 12:00AM"
CO98,2,1987,100,100,100,.027,.007,.002,.021,.080,.478,.036,.272,5.178,4.157,1765.000,6.222,4,28,"Feb  3 1987 12:00AM","Mar  3 1987 12:00AM"
CO98,3,1987,100,100,100,.062,.014,.004,.056,.103,.475,.040,.278,5.281,4.435,2292.800,8.407,4,28,"Mar  3 1987 12:00AM","Mar 31 1987 12:00AM"
CO98,4,1987,100,100,100,.124,.017,.013,.048,.026,.291,.064,.328,5.309,4.130,3700.400,7.773,4,28,"Mar 31 1987 12:00AM","Apr 28 1987 12:00AM"
CO98,5,1987,80,100,49,.144,.023,.021,.040,.217,.965,.084,.936,5.002,8.581,3214.000,10.699,4,35,"Apr 28 1987 12:00AM","Jun  2 1987 12:00AM"
CO98,6,1987,100,100,100,.115,.017,.047,.060,.173,.741,.075,.612,5.018,6.894,3455.300,5.284,3,28,"Jun  2 1987 12:00AM","Jun 30 1987 12:00AM"
CO98,7,1987,100,100,100,.138,.019,.020,.043,.150,.923,.078,.690,4.935,8.535,8197.700,12.725,5,35,"Jun 30 1987 12:00AM","Aug  4 1987 12:00AM"
CO98,8,1987,100,100,100,.125,.021,.019,.078,.061,.710,.114,.563,5.096,6.436,3261.300,5.193,4,28,"Aug  4 1987 12:00AM","Sep  1 1987 12:00AM"
CO98,9,1987,75,100,43,.392,.051,.052,.137,.502,1.964,.161,1.613,4.736,16.251,1181.200,4.039,2,28,"Sep  1 1987 12:00AM","Sep 29 1987 12:00AM"
CO98,1,1988,60,100,89,.054,.008,.004,.047,.010,.400,.044,.433,5.116,5.011,824.400,11.688,3,35,"Dec 29 1987 12:00AM","Feb  2 1988 12:00AM"
CO98,10,1988,50,100,27,.239,.032,.025,.201,.153,1.182,.172,1.088,5.687,7.981,251.700,2.058,2,28,"Oct  4 1988 12:00AM","Nov  1 1988 12:00AM"
CO98,11,1988,100,100,100,.070,.011,.009,.060,.028,.309,.052,.377,5.326,3.596,2199.200,4.426,4,28,"Nov  1 1988 12:00AM","Nov 29 1988 12:00AM"
CO98,12,1988,80,100,83,.028,.007,.002,.090,.010,.251,.039,.258,5.591,3.253,1586.400,7.974,3,35,"Nov 29 1988 12:00AM","Jan  3 1989 12:00AM"
CO98,2,1988,75,100,87,.058,.007,.003,.036,.013,.265,.034,.314,5.211,3.966,1326.700,10.465,3,28,"Feb  2 1988 12:00AM","Mar  1 1988 12:00AM"
CO98,3,1988,100,100,100,.166,.013,.004,.104,.092,.629,.057,.412,5.457,4.517,2543.000,8.102,4,28,"Mar  1 1988 12:00AM","Mar 29 1988 12:00AM"
CO98,4,1988,40,80,74,.289,.025,.013,.061,.192,.303,.059,.623,5.563,5.363,2009.200,6.422,2,35,"Mar 29 1988 12:00AM","May  3 1988 12:00AM"
CO98,5,1988,100,100,100,.103,.012,.009,.029,.055,.636,.063,.543,4.931,6.679,3425.500,5.315,3,28,"May  3 1988 12:00AM","May 31 1988 12:00AM"
CO98,6,1988,25,100,32,.300,.036,.089,.100,.010,1.160,.110,1.170,4.970,10.300,1048.600,5.486,1,28,"May 31 1988 12:00AM","Jun 28 1988 12:00AM"
CO98,7,1988,100,100,100,.247,.033,.039,.074,.082,.931,.112,.993,4.880,10.698,5923.100,9.728,5,35,"Jun 28 1988 12:00AM","Aug  2 1988 12:00AM"
CO98,8,1988,50,100,68,.105,.018,.011,.051,.153,1.182,.099,.801,4.814,9.519,959.500,2.641,2,28,"Aug  2 1988 12:00AM","Aug 30 1988 12:00AM"
CO98,9,1988,60,100,75,.093,.015,.010,.049,.114,.892,.078,.718,4.846,8.444,1919.400,3.657,3,35,"Aug 30 1988 12:00AM","Oct  4 1988 12:00AM"
CO98,1,1989,100,100,100,.053,.006,.004,.143,.029,.385,.051,.218,5.600,5.589,1489.500,8.255,3,28,"Jan  3 1989 12:00AM","Jan 31 1989 12:00AM"
CO98,10,1989,100,100,100,.099,.021,.026,.092,.062,.391,.050,.506,5.512,4.580,2077.200,6.172,4,28,"Oct  3 1989 12:00AM","Oct 31 1989 12:00AM"
CO98,11,1989,50,100,87,.066,.011,.003,.043,.061,.410,.056,.216,5.376,3.291,1287.300,11.024,2,28,"Oct 31 1989 12:00AM","Nov 28 1989 12:00AM"
CO98,12,1989,60,100,70,.020,.006,.014,.113,.071,.640,.089,.337,5.924,3.777,130.700,4.828,2,35,"Nov 28 1989 12:00AM","Jan  2 1990 12:00AM"
CO98,2,1989,100,100,100,.035,.009,.002,.145,.010,.359,.056,.521,5.655,4.762,687.700,4.467,3,28,"Jan 31 1989 12:00AM","Feb 28 1989 12:00AM"
CO98,3,1989,100,100,100,.315,.036,.013,.121,.063,.452,.059,.609,5.778,5.371,2479.600,15.063,5,35,"Feb 28 1989 12:00AM","Apr  4 1989 12:00AM"
CO98,4,1989,100,100,100,.217,.026,.008,.101,.150,.785,.085,.691,5.411,5.783,2592.500,7.620,3,28,"Apr  4 1989 12:00AM","May  2 1989 12:00AM"
CO98,5,1989,100,100,100,.334,.039,.029,.087,.260,.976,.136,1.015,5.381,7.584,3904.200,8.305,4,28,"May  2 1989 12:00AM","May 30 1989 12:00AM"
CO98,6,1989,100,100,100,.274,.037,.025,.067,.188,1.087,.111,.778,5.298,7.469,2774.900,3.683,4,35,"May 30 1989 12:00AM","Jul  4 1989 12:00AM"
CO98,7,1989,75,100,93,.126,.013,.016,.029,.411,1.408,.073,.843,4.933,9.691,4633.800,7.160,2,28,"Jul  4 1989 12:00AM","Aug  1 1989 12:00AM"
CO98,8,1989,100,100,100,.132,.023,.022,.044,.232,.927,.097,.744,5.003,8.147,6665.500,8.865,4,28,"Aug  1 1989 12:00AM","Aug 29 1989 12:00AM"
CO98,9,1989,100,100,100,.188,.024,.008,.045,.146,1.098,.090,.744,4.954,8.843,2762.600,5.054,4,35,"Aug 29 1989 12:00AM","Oct  3 1989 12:00AM"
CO98,1,1990,75,100,74,.156,.022,.015,.148,.022,.537,.134,.284,5.743,3.979,678.600,9.551,3,28,"Jan  2 1990 12:00AM","Jan 30 1990 12:00AM"
CO98,10,1990,100,100,100,.097,.013,.013,.024,.102,.555,.054,.529,5.162,5.818,3864.100,8.179,2,28,"Oct  2 1990 12:00AM","Oct 30 1990 12:00AM"
CO98,11,1990,80,100,87,.100,.011,.011,.037,.158,.825,.081,.195,5.317,4.359,1251.800,6.959,3,35,"Oct 30 1990 12:00AM","Dec  4 1990 12:00AM"
CO98,12,1990,72,100,56,.027,.003,.011,.036,.097,.436,.056,.296,5.066,4.643,674.200,8.713,3,29,"Dec  4 1990 12:00AM","Jan  2 1991 12:00AM"
CO98,2,1990,50,100,48,.179,.024,.007,.072,.130,1.164,.072,.506,5.340,5.767,346.300,7.264,2,28,"Jan 30 1990 12:00AM","Feb 27 1990 12:00AM"
CO98,3,1990,60,100,45,.095,.015,.005,.037,.072,.841,.061,.333,5.095,5.646,2383.200,23.165,3,35,"Feb 27 1990 12:00AM","Apr  3 1990 12:00AM"
CO98,4,1990,100,100,100,.219,.035,.015,.048,.154,.786,.087,.524,5.639,5.565,3475.100,13.639,4,28,"Apr  3 1990 12:00AM","May  1 1990 12:00AM"
CO98,5,1990,100,100,100,.801,.098,.027,.116,.175,1.072,.142,1.008,5.731,8.937,3592.200,8.556,4,28,"May  1 1990 12:00AM","May 29 1990 12:00AM"
CO98,6,1990,100,100,100,.154,.022,.031,.060,.132,.559,.090,.490,5.462,5.280,1623.400,4.750,4,35,"May 29 1990 12:00AM","Jul  3 1990 12:00AM"
CO98,7,1990,100,100,100,.091,.013,.014,.024,.202,.803,.093,.610,4.989,7.661,6710.700,10.084,4,28,"Jul  3 1990 12:00AM","Jul 31 1990 12:00AM"
CO98,8,1990,100,100,100,.180,.026,.033,.041,.336,1.267,.104,1.019,4.829,11.347,5556.500,8.052,5,35,"Jul 31 1990 12:00AM","Sep  4 1990 12:00AM"
CO98,9,1990,100,100,100,.083,.009,.004,.018,.115,.609,.078,.482,5.113,5.819,2517.000,3.653,4,28,"Sep  4 1990 12:00AM","Oct  2 1990 12:00AM"
CO98,1,1991,74,100,71,.028,.004,.007,.075,.026,.307,.080,.258,5.243,3.807,422.500,7.188,3,27,"Jan  2 1991 12:00AM","Jan 29 1991 12:00AM"
CO98,10,1991,100,100,100,.080,.008,.018,.030,.040,.310,.070,.320,5.120,4.600,1386.500,3.378,1,28,"Oct  1 1991 12:00AM","Oct 29 1991 12:00AM"
CO98,11,1991,100,100,100,.023,.004,.004,.017,.036,.530,.050,.359,5.052,5.307,3850.100,16.459,5,35,"Oct 29 1991 12:00AM","Dec  3 1991 12:00AM"
CO98,12,1991,100,100,100,.121,.022,.020,.108,.106,1.120,.154,.522,5.701,5.426,114.800,2.007,2,28,"Dec  3 1991 12:00AM","Dec 31 1991 12:00AM"
CO98,2,1991,100,100,100,.051,.008,.007,.092,.048,.671,.097,.427,5.093,5.729,697.100,5.563,2,28,"Jan 29 1991 12:00AM","Feb 26 1991 12:00AM"
CO98,3,1991,100,100,100,.202,.023,.021,.139,.100,.690,.114,.431,5.658,4.821,1933.700,15.418,5,35,"Feb 26 1991 12:00AM","Apr  2 1991 12:00AM"
CO98,4,1991,100,100,100,.260,.027,.020,.065,.089,.765,.075,.548,5.497,5.138,3488.000,10.094,4,28,"Apr  2 1991 12:00AM","Apr 30 1991 12:00AM"
CO98,5,1991,80,100,66,.220,.025,.025,.061,.285,.838,.095,.720,5.752,6.289,5770.600,15.646,4,35,"Apr 30 1991 12:00AM","Jun  4 1991 12:00AM"
CO98,6,1991,75,100,81,.254,.034,.041,.063,.214,1.106,.197,.884,5.199,7.997,2372.100,4.710,3,28,"Jun  4 1991 12:00AM","Jul  2 1991 12:00AM"
CO98,7,1991,100,100,100,.096,.011,.023,.033,.135,.969,.086,.654,4.971,7.866,3039.100,7.137,4,28,"Jul  2 1991 12:00AM","Jul 30 1991 12:00AM"
CO98,8,1991,100,100,100,.094,.012,.011,.023,.129,.794,.045,.684,4.929,7.767,6113.700,9.423,5,35,"Jul 30 1991 12:00AM","Sep  3 1991 12:00AM"
CO98,9,1991,75,100,99,.103,.012,.010,.057,.095,.625,.076,.598,5.080,6.032,1694.300,3.302,3,28,"Sep  3 1991 12:00AM","Oct  1 1991 12:00AM"
CO98,1,1992,60,100,71,.040,.006,.008,.027,.045,.572,.055,.176,5.428,3.559,472.700,4.445,2,35,"Dec 31 1991 12:00AM","Feb  4 1992 12:00AM"
CO98,10,1992,100,100,100,.058,.007,.004,.025,.073,.393,.019,.393,5.239,4.017,2209.900,8.433,3,35,"Sep 29 1992 12:00AM","Nov  3 1992 12:00AM"
CO98,11,1992,100,100,100,.070,.007,.004,.033,.075,.877,.033,.283,5.107,5.261,2165.500,9.754,4,28,"Nov  3 1992 12:00AM","Dec  1 1992 12:00AM"
CO98,12,1992,50,100,59,.089,.011,.007,.054,.015,1.551,.075,.169,4.834,8.548,754.800,6.858,2,28,"Dec  1 1992 12:00AM","Dec 29 1992 12:00AM"
CO98,2,1992,75,100,82,.034,.004,.008,.064,.077,.358,.088,.285,5.862,3.647,436.000,3.303,2,28,"Feb  4 1992 12:00AM","Mar  3 1992 12:00AM"
CO98,3,1992,100,100,100,.055,.006,.006,.024,.073,.421,.053,.334,5.271,4.407,5200.700,17.044,4,28,"Mar  3 1992 12:00AM","Mar 31 1992 12:00AM"
CO98,4,1992,71,100,85,.098,.010,.014,.050,.171,.536,.046,.448,5.660,4.230,2315.700,7.849,3,28,"Mar 31 1992 12:00AM","Apr 28 1992 12:00AM"
CO98,5,1992,100,100,100,.154,.020,.015,.048,.214,.904,.069,.749,5.162,7.814,5671.800,10.007,5,35,"Apr 28 1992 12:00AM","Jun  2 1992 12:00AM"
CO98,6,1992,100,100,100,.348,.047,.091,.086,.240,1.176,.129,1.054,5.177,10.066,3429.000,5.816,4,28,"Jun  2 1992 12:00AM","Jun 30 1992 12:00AM"
CO98,7,1992,100,100,100,.137,.017,.022,.060,.203,.868,.084,.783,5.061,7.975,4315.300,6.351,5,35,"Jun 30 1992 12:00AM","Aug  4 1992 12:00AM"
CO98,8,1992,100,100,100,.149,.019,.037,.051,.166,.871,.097,.734,5.127,7.421,4387.500,7.086,4,28,"Aug  4 1992 12:00AM","Sep  1 1992 12:00AM"
CO98,9,1992,75,100,62,.257,.041,.023,.079,.168,.860,.102,1.006,5.095,8.631,2627.700,6.960,3,28,"Sep  1 1992 12:00AM","Sep 29 1992 12:00AM"
CO98,1,1993,60,100,68,.032,.006,.005,.055,.069,.493,.076,.387,6.069,4.632,148.600,12.675,3,35,"Dec 29 1992 12:00AM","Feb  2 1993 12:00AM"
CO98,10,1993,80,100,55,.070,.007,.022,.035,.063,.438,.047,.457,5.213,4.934,1928.500,12.980,3,35,"Sep 28 1993 12:00AM","Nov  2 1993 12:00AM"
CO98,11,1993,100,100,100,.051,.006,.010,.049,.173,.672,.045,.410,5.291,4.886,2747.300,10.198,4,28,"Nov  2 1993 12:00AM","Nov 30 1993 12:00AM"
CO98,12,1993,40,100,37,.200,.041,.677,2.405,.258,1.623,3.456,.799,5.420,23.835,202.800,9.068,2,35,"Nov 30 1993 12:00AM","Jan  4 1994 12:00AM"
CO98,2,1993,100,100,100,.014,.002,.002,.019,.035,.351,.015,.187,5.199,3.596,3610.500,8.460,4,28,"Feb  2 1993 12:00AM","Mar  2 1993 12:00AM"
CO98,3,1993,100,100,100,.043,.007,.024,.032,.148,.456,.055,.468,5.240,4.942,3415.100,12.065,4,28,"Mar  2 1993 12:00AM","Mar 30 1993 12:00AM"
CO98,4,1993,100,100,100,.170,.024,.009,.055,.143,.799,.045,.687,5.377,5.414,5239.400,17.933,5,35,"Mar 30 1993 12:00AM","May  4 1993 12:00AM"
CO98,5,1993,100,100,100,.155,.023,.015,.051,.175,.793,.072,.777,5.085,7.269,4644.700,8.179,4,28,"May  4 1993 12:00AM","Jun  1 1993 12:00AM"
CO98,6,1993,100,100,100,.400,.040,.042,.074,.055,.613,.090,.583,5.758,7.053,3290.200,8.637,3,28,"Jun  1 1993 12:00AM","Jun 29 1993 12:00AM"
CO98,7,1993,80,100,95,.234,.033,.058,.123,.199,.881,.142,.802,5.802,6.549,2066.500,4.370,4,35,"Jun 29 1993 12:00AM","Aug  3 1993 12:00AM"
CO98,8,1993,100,100,100,.146,.019,.040,.090,.261,1.081,.131,.944,4.947,10.291,3503.800,5.360,4,28,"Aug  3 1993 12:00AM","Aug 31 1993 12:00AM"
CO98,9,1993,75,100,51,.207,.027,.022,.075,.261,1.195,.102,.972,5.000,9.689,3510.500,11.126,3,28,"Aug 31 1993 12:00AM","Sep 28 1993 12:00AM"
CO98,1,1994,75,100,60,.066,.008,.005,.089,.139,.690,.118,.356,4.941,6.878,1070.700,9.195,2,28,"Jan  4 1994 12:00AM","Feb  1 1994 12:00AM"
CO98,10,1994,100,100,100,.051,.003,.006,.027,.090,.560,.046,.380,4.993,6.913,1966.200,9.284,3,28,"Oct  4 1994 12:00AM","Nov  1 1994 12:00AM"
CO98,11,1994,75,100,74,.051,.004,.005,.016,.055,.457,.031,.261,5.049,5.071,1542.600,9.779,3,28,"Nov  1 1994 12:00AM","Nov 29 1994 12:00AM"
CO98,12,1994,60,100,70,.031,.004,.004,.017,.029,.951,.030,.250,4.794,8.960,926.400,12.572,2,35,"Nov 29 1994 12:00AM","Jan  3 1995 12:00AM"
CO98,2,1994,100,100,100,.041,.005,.004,.056,.077,.554,.076,.360,4.944,6.009,1592.100,13.335,4,28,"Feb  1 1994 12:00AM","Mar  1 1994 12:00AM"
CO98,3,1994,75,100,45,.128,.014,.010,.056,.374,1.110,.053,.697,5.100,7.387,1828.800,11.023,3,28,"Mar  1 1994 12:00AM","Mar 29 1994 12:00AM"
CO98,4,1994,100,100,100,.225,.026,.017,.036,.249,1.012,.045,.728,5.154,7.396,5597.500,14.910,5,35,"Mar 29 1994 12:00AM","May  3 1994 12:00AM"
CO98,5,1994,100,100,100,.234,.029,.051,.049,.423,1.268,.100,1.118,4.965,10.514,2160.800,3.962,4,28,"May  3 1994 12:00AM","May 31 1994 12:00AM"
CO98,6,1994,50,100,66,.072,.030,.056,.030,.213,.871,.112,.663,4.866,10.459,1934.100,4.267,2,28,"May 31 1994 12:00AM","Jun 28 1994 12:00AM"
CO98,7,1994,80,100,83,.455,.062,.078,.084,.336,1.762,.177,1.290,4.851,14.841,1829.100,3.632,4,35,"Jun 28 1994 12:00AM","Aug  2 1994 12:00AM"
CO98,8,1994,100,100,100,.109,.014,.028,.034,.216,1.019,.065,.747,4.786,10.437,5037.800,13.767,4,28,"Aug  2 1994 12:00AM","Aug 30 1994 12:00AM"
CO98,9,1994,100,100,100,.115,.015,.031,.039,.165,1.095,.078,.832,4.723,12.129,3976.200,11.303,5,35,"Aug 30 1994 12:00AM","Oct  4 1994 12:00AM"
CO98,1,1995,75,100,36,.043,.005,.015,.019,.048,.353,.020,.295,5.043,5.280,317.000,7.049,2,28,"Jan  3 1995 12:00AM","Jan 31 1995 12:00AM"
CO98,10,1995,75,100,88,.231,.027,.019,.042,.097,.629,.051,.627,5.108,6.361,2321.200,5.150,3,28,"Oct  3 1995 12:00AM","Oct 31 1995 12:00AM"
CO98,11,1995,100,100,100,.038,.005,.008,.046,.085,.406,.033,.373,5.050,5.265,3378.200,9.528,3,28,"Oct 31 1995 12:00AM","Nov 28 1995 12:00AM"
CO98,12,1995,33,100,48,.097,.011,.017,.047,.077,.421,.034,.284,5.300,3.972,339.700,17.856,2,42,"Nov 28 1995 12:00AM","Jan  9 1996 12:00AM"
CO98,2,1995,100,100,100,.053,.008,.014,.023,.057,.429,.034,.248,5.116,4.450,2210.500,13.030,4,28,"Jan 31 1995 12:00AM","Feb 28 1995 12:00AM"
CO98,3,1995,100,100,100,.061,.007,.004,.047,.086,.722,.057,.310,4.972,6.163,2443.200,12.446,5,35,"Feb 28 1995 12:00AM","Apr  4 1995 12:00AM"
CO98,4,1995,100,100,100,.108,.014,.004,.042,.106,.397,.035,.342,5.222,4.336,8917.300,22.098,4,28,"Apr  4 1995 12:00AM","May  2 1995 12:00AM"
CO98,5,1995,100,100,100,.083,.012,.007,.035,.080,.467,.041,.407,4.987,6.195,10545.200,21.944,4,28,"May  2 1995 12:00AM","May 30 1995 12:00AM"
CO98,6,1995,80,100,76,.200,.019,.032,.066,.177,.740,.076,.738,4.943,8.232,5470.600,14.224,4,35,"May 30 1995 12:00AM","Jul  4 1995 12:00AM"
CO98,7,1995,75,100,94,.123,.019,.060,.063,.158,.837,.092,.658,4.794,9.848,3787.600,5.969,3,28,"Jul  4 1995 12:00AM","Aug  1 1995 12:00AM"
CO98,8,1995,100,100,100,.194,.027,.022,.082,.221,1.304,.103,.800,4.739,11.981,2390.900,3.740,4,28,"Aug  1 1995 12:00AM","Aug 29 1995 12:00AM"
CO98,9,1995,80,100,95,.150,.020,.026,.064,.227,1.010,.090,.673,4.897,9.239,5417.500,9.804,4,35,"Aug 29 1995 12:00AM","Oct  3 1995 12:00AM"
CO98,1,1996,50,100,31,.110,.016,.015,.079,.123,.715,.083,.694,4.856,8.561,525.500,18.999,2,28,"Jan  9 1996 12:00AM","Feb  6 1996 12:00AM"
CO98,10,1996,75,100,87,.178,.018,.020,.044,.187,.953,.060,.555,5.138,6.842,353.800,8.001,2,28,"Oct  1 1996 12:00AM","Oct 29 1996 12:00AM"
CO98,11,1996,100,100,100,.021,.003,.007,.024,.068,.589,.040,.286,4.969,5.766,3151.000,13.462,5,35,"Oct 29 1996 12:00AM","Dec  3 1996 12:00AM"
CO98,12,1996,79,100,70,.041,.006,.007,.045,.010,.329,.081,.214,5.116,4.265,808.500,24.663,3,28,"Dec  3 1996 12:00AM","Dec 31 1996 12:00AM"
CO98,2,1996,100,100,100,.035,.004,.005,.038,.062,.224,.040,.252,5.195,3.662,1610.500,12.192,2,21,"Feb  6 1996 12:00AM","Feb 27 1996 12:00AM"
CO98,3,1996,100,100,100,.210,.021,.029,.106,.219,1.066,.131,.456,5.071,7.634,3320.400,8.941,5,35,"Feb 27 1996 12:00AM","Apr  2 1996 12:00AM"
CO98,4,1996,100,100,100,.251,.030,.015,.097,.126,.643,.123,.512,5.376,5.505,922.900,9.652,4,28,"Apr  2 1996 12:00AM","Apr 30 1996 12:00AM"
CO98,5,1996,60,100,38,.283,.037,.036,.108,.224,1.088,.142,.873,5.094,8.775,702.600,10.795,3,35,"Apr 30 1996 12:00AM","Jun  4 1996 12:00AM"
CO98,6,1996,75,100,80,.133,.016,.038,.061,.237,.848,.084,.614,5.077,7.574,2476.700,4.331,2,28,"Jun  4 1996 12:00AM","Jul  2 1996 12:00AM"
CO98,7,1996,100,100,100,.053,.007,.022,.071,.115,.568,.104,.466,4.840,8.248,4890.600,8.382,4,28,"Jul  2 1996 12:00AM","Jul 30 1996 12:00AM"
CO98,8,1996,100,100,100,.345,.039,.048,.074,.509,2.159,.152,1.163,4.855,14.359,2353.900,3.599,5,35,"Jul 30 1996 12:00AM","Sep  3 1996 12:00AM"
CO98,9,1996,25,100,24,.100,.012,.014,.039,.170,.570,.050,.530,4.980,7.000,2327.000,15.265,1,28,"Sep  3 1996 12:00AM","Oct  1 1996 12:00AM"
CO98,1,1997,80,100,95,.026,.004,.017,.061,.036,.393,.090,.366,5.026,5.294,764.700,18.288,4,35,"Dec 31 1996 12:00AM","Feb  4 1997 12:00AM"
CO98,10,1997,100,100,100,.121,.010,.015,.048,.051,.377,.035,.360,5.219,4.230,2835.800,9.017,4,28,"Sep 30 1997 12:00AM","Oct 28 1997 12:00AM"
CO98,11,1997,100,100,100,.049,.006,.006,.037,.123,.695,.034,.374,5.032,6.138,3067.000,10.922,5,35,"Oct 28 1997 12:00AM","Dec  2 1997 12:00AM"
CO98,12,1997,75,100,94,.011,.002,.002,.008,.035,.440,.015,.166,5.047,4.352,813.300,3.937,2,28,"Dec  2 1997 12:00AM","Dec 30 1997 12:00AM"
CO98,2,1997,100,100,100,.049,.005,.003,.029,.089,.701,.034,.231,5.071,5.216,2192.400,5.818,4,28,"Feb  4 1997 12:00AM","Mar  4 1997 12:00AM"
CO98,3,1997,100,100,100,.190,.021,.013,.072,.125,1.026,.093,.495,5.119,6.906,1402.100,5.969,4,28,"Mar  4 1997 12:00AM","Apr  1 1997 12:00AM"
CO98,4,1997,75,100,76,.286,.020,.010,.042,.127,.640,.048,.403,5.360,5.241,5446.500,21.615,3,28,"Apr  1 1997 12:00AM","Apr 29 1997 12:00AM"
CO98,5,1997,100,100,100,.082,.011,.007,.026,.118,.685,.036,.557,4.910,7.370,7357.500,16.967,5,35,"Apr 29 1997 12:00AM","Jun  3 1997 12:00AM"
CO98,6,1997,75,100,86,.151,.023,.057,.075,.300,1.101,.102,.866,4.889,10.100,2657.700,4.572,3,28,"Jun  3 1997 12:00AM","Jul  1 1997 12:00AM"
CO98,7,1997,75,100,93,.141,.016,.025,.037,.403,1.643,.060,.960,4.770,13.604,1885.700,3.429,2,28,"Jul  1 1997 12:00AM","Jul 29 1997 12:00AM"
CO98,8,1997,80,100,96,.060,.009,.013,.021,.101,.525,.035,.319,5.096,5.807,10114.400,16.256,4,35,"Jul 29 1997 12:00AM","Sep  2 1997 12:00AM"
CO98,9,1997,100,100,100,.071,.010,.022,.030,.076,.688,.055,.500,4.867,7.946,6502.100,8.890,4,28,"Sep  2 1997 12:00AM","Sep 30 1997 12:00AM"
CO98,1,1998,60,100,62,.024,.004,.002,.007,.026,.438,.035,.194,5.034,4.856,828.499,10.435,3,35,"Dec 30 1997 12:00AM","Feb  3 1998 12:00AM"
CO98,10,1998,80,100,53,.278,.023,.097,.195,.129,.804,.209,.800,5.118,8.142,1230.500,9.436,2,35,"Sep 29 1998 12:00AM","Nov  3 1998 12:00AM"
CO98,11,1998,0,100,0,-9.000,-9.000,-9.000,-9.000,-9.000,-9.000,-9.000,-9.000,-9.000,-9.000,.000,5.207,0,28,"Nov  3 1998 12:00AM","Dec  1 1998 12:00AM"
CO98,12,1998,75,100,73,.226,.023,.052,.044,.067,.912,.076,.518,5.142,6.485,559.400,8.357,3,28,"Dec  1 1998 12:00AM","Dec 29 1998 12:00AM"
CO98,2,1998,75,100,98,.025,.003,.005,.006,.044,.563,.023,.354,4.882,6.418,1140.297,3.480,3,28,"Feb  3 1998 12:00AM","Mar  3 1998 12:00AM"
CO98,3,1998,75,100,97,.046,.004,.003,.015,.125,.355,.025,.281,5.188,4.596,2980.700,9.779,3,28,"Mar  3 1998 12:00AM","Mar 31 1998 12:00AM"
CO98,4,1998,100,100,100,.104,.009,.004,.013,.122,.561,.026,.323,5.291,4.287,7116.200,14.351,4,28,"Mar 31 1998 12:00AM","Apr 28 1998 12:00AM"
CO98,5,1998,100,100,100,.292,.034,.026,.053,.182,1.200,.073,.754,5.018,8.940,2702.900,5.766,4,35,"Apr 28 1998 12:00AM","Jun  2 1998 12:00AM"
CO98,6,1998,100,100,100,.492,.049,.066,.054,.114,1.008,.097,.715,5.305,8.423,2741.600,8.763,3,28,"Jun  2 1998 12:00AM","Jun 30 1998 12:00AM"
CO98,7,1998,100,100,100,.096,.013,.042,.021,.173,.813,.040,.465,4.976,7.291,4522.600,8.788,3,28,"Jun 30 1998 12:00AM","Jul 28 1998 12:00AM"
CO98,8,1998,100,100,100,.130,.018,.027,.024,.131,1.275,.087,.821,4.629,13.473,4958.500,10.054,5,35,"Jul 28 1998 12:00AM","Sep  1 1998 12:00AM"
CO98,9,1998,50,100,28,.097,.026,.018,.105,.130,.730,.130,1.090,4.730,11.900,773.700,4.597,1,28,"Sep  1 1998 12:00AM","Sep 29 1998 12:00AM"
CO98,1,1999,40,100,0,-9.000,-9.000,-9.000,-9.000,-9.000,-9.000,-9.000,-9.000,-9.000,-9.000,.100,13.716,0,35,"Dec 29 1998 12:00AM","Feb  2 1999 12:00AM"
CO98,10,1999,100,100,100,.456,.047,.061,.095,.134,.978,.122,.712,5.569,6.738,1894.100,4.064,4,35,"Sep 28 1999 12:00AM","Nov  2 1999 12:00AM"
CO98,11,1999,75,100,83,.089,.007,.007,.007,.220,.530,.015,.230,5.780,3.500,1211.900,3.810,1,28,"Nov  2 1999 12:00AM","Nov 30 1999 12:00AM"
CO98,12,1999,50,100,60,.080,.013,.008,.016,.040,.364,.037,.174,5.343,3.350,598.000,3.810,2,28,"Nov 30 1999 12:00AM","Dec 28 1999 12:00AM"
CO98,2,1999,0,100,0,-9.000,-9.000,-9.000,-9.000,-9.000,-9.000,-9.000,-9.000,-9.000,-9.000,.000,5.715,0,28,"Feb  2 1999 12:00AM","Mar  2 1999 12:00AM"
CO98,3,1999,25,100,0,-9.000,-9.000,-9.000,-9.000,-9.000,-9.000,-9.000,-9.000,-9.000,-9.000,.000,4.839,0,28,"Mar  2 1999 12:00AM","Mar 30 1999 12:00AM"
CO98,4,1999,100,100,100,.378,.032,.018,.048,.153,1.017,.076,.472,5.582,5.869,1030.200,17.018,4,28,"Mar 30 1999 12:00AM","Apr 27 1999 12:00AM"
CO98,5,1999,20,100,59,.150,.020,.008,.033,.190,1.110,.040,.760,4.840,9.700,3944.300,17.907,1,35,"Apr 27 1999 12:00AM","Jun  1 1999 12:00AM"
CO98,6,1999,25,100,0,-9.000,-9.000,-9.000,-9.000,-9.000,-9.000,-9.000,-9.000,-9.000,-9.000,22.300,6.439,0,28,"Jun  1 1999 12:00AM","Jun 29 1999 12:00AM"
CO98,7,1999,80,100,98,.087,.011,.033,.012,.124,1.086,.044,.563,4.737,10.875,4434.000,7.366,4,35,"Jun 29 1999 12:00AM","Aug  3 1999 12:00AM"
CO98,8,1999,100,100,100,.085,.009,.017,.019,.104,.992,.050,.519,4.807,9.813,4980.000,7.620,4,28,"Aug  3 1999 12:00AM","Aug 31 1999 12:00AM"
CO98,9,1999,100,100,100,.128,.013,.025,.019,.096,.734,.046,.456,4.968,7.007,3173.600,5.207,4,28,"Aug 31 1999 12:00AM","Sep 28 1999 12:00AM"
CO98,1,2000,0,100,0,-9.000,-9.000,-9.000,-9.000,-9.000,-9.000,-9.000,-9.000,-9.000,-9.000,.000,8.001,0,35,"Dec 28 1999 12:00AM","Feb  1 2000 12:00AM"
CO98,10,2000,100,100,100,-9.000,-9.000,-9.000,-9.000,-9.000,-9.000,-9.000,-9.000,-9.000,-9.000,973.800,2.032,4,28,"Oct  3 2000 12:00AM","Oct 31 2000 12:00AM"
CO98,11,2000,0,100,0,-9.000,-9.000,-9.000,-9.000,-9.000,-9.000,-9.000,-9.000,-9.000,-9.000,.000,7.493,0,28,"Oct 31 2000 12:00AM","Nov 28 2000 12:00AM"
CO98,12,2000,60,100,71,-9.000,-9.000,-9.000,-9.000,-9.000,-9.000,-9.000,-9.000,-9.000,-9.000,494.300,11.816,3,35,"Nov 28 2000 12:00AM","Jan  2 2001 12:00AM"
CO98,2,2000,100,100,100,-9.000,-9.000,-9.000,-9.000,-9.000,-9.000,-9.000,-9.000,-9.000,-9.000,44.200,2.066,2,28,"Feb  1 2000 12:00AM","Feb 29 2000 12:00AM"
CO98,3,2000,25,100,10,-9.000,-9.000,-9.000,-9.000,-9.000,-9.000,-9.000,-9.000,-9.000,-9.000,103.200,10.160,1,28,"Feb 29 2000 12:00AM","Mar 28 2000 12:00AM"
CO98,4,2000,100,100,100,-9.000,-9.000,-9.000,-9.000,-9.000,-9.000,-9.000,-9.000,-9.000,-9.000,4439.900,14.605,5,35,"Mar 28 2000 12:00AM","May  2 2000 12:00AM"
CO98,5,2000,75,100,85,-9.000,-9.000,-9.000,-9.000,-9.000,-9.000,-9.000,-9.000,-9.000,-9.000,3502.300,9.474,3,28,"May  2 2000 12:00AM","May 30 2000 12:00AM"
CO98,6,2000,100,100,100,.102,.013,.020,.026,.073,.545,.050,.352,5.103,5.689,4391.300,7.061,3,28,"May 30 2000 12:00AM","Jun 27 2000 12:00AM"
CO98,7,2000,80,100,98,.195,.022,.035,.029,.434,1.739,.073,.814,4.885,11.482,3248.000,5.029,3,35,"Jun 27 2000 12:00AM","Aug  1 2000 12:00AM"
CO98,8,2000,75,100,91,.074,.009,.013,.017,.150,1.078,.044,.449,4.840,8.957,3800.600,5.855,2,28,"Aug  1 2000 12:00AM","Aug 29 2000 12:00AM"
CO98,9,2000,100,100,100,.195,.023,.017,.022,.100,.646,.102,.521,5.106,6.569,7485.200,13.843,4,35,"Aug 29 2000 12:00AM","Oct  3 2000 12:00AM"
CO98,1,2001,75,100,94,-9.000,-9.000,-9.000,-9.000,-9.000,-9.000,-9.000,-9.000,-9.000,-9.000,433.200,2.286,2,28,"Jan  2 2001 12:00AM","Jan 30 2001 12:00AM"
CO98,10,2001,75,100,94,-9.000,-9.000,-9.000,-9.000,-9.000,-9.000,-9.000,-9.000,-9.000,-9.000,1013.000,1.982,3,28,"Oct  2 2001 12:00AM","Oct 30 2001 12:00AM"
CO98,11,2001,100,100,100,-9.000,-9.000,-9.000,-9.000,-9.000,-9.000,-9.000,-9.000,-9.000,-9.000,1573.500,4.855,4,28,"Oct 30 2001 12:00AM","Nov 27 2001 12:00AM"
CO98,12,2001,40,80,54,-9.000,-9.000,-9.000,-9.000,-9.000,-9.000,-9.000,-9.000,-9.000,-9.000,508.000,4.115,2,35,"Nov 27 2001 12:00AM","Jan  1 2002 12:00AM"
CO98,2,2001,50,100,14,-9.000,-9.000,-9.000,-9.000,-9.000,-9.000,-9.000,-9.000,-9.000,-9.000,254.500,9.885,2,28,"Jan 30 2001 12:00AM","Feb 27 2001 12:00AM"
CO98,3,2001,100,100,100,-9.000,-9.000,-9.000,-9.000,-9.000,-9.000,-9.000,-9.000,-9.000,-9.000,3317.300,12.014,5,35,"Feb 27 2001 12:00AM","Apr  3 2001 12:00AM"
CO98,4,2001,75,100,98,-9.000,-9.000,-9.000,-9.000,-9.000,-9.000,-9.000,-9.000,-9.000,-9.000,3661.000,10.287,3,28,"Apr  3 2001 12:00AM","May  1 2001 12:00AM"
CO98,5,2001,75,100,91,-9.000,-9.000,-9.000,-9.000,-9.000,-9.000,-9.000,-9.000,-9.000,-9.000,3548.500,11.176,3,28,"May  1 2001 12:00AM","May 29 2001 12:00AM"
CO98,6,2001,60,100,59,-9.000,-9.000,-9.000,-9.000,-9.000,-9.000,-9.000,-9.000,-9.000,-9.000,1124.300,2.794,3,35,"May 29 2001 12:00AM","Jul  3 2001 12:00AM"
CO98,7,2001,100,100,100,.172,.017,.028,.021,.316,1.585,.062,.781,4.814,11.751,3340.700,4.794,4,28,"Jul  3 2001 12:00AM","Jul 31 2001 12:00AM"
CO98,8,2001,100,100,100,.121,.012,.028,.015,.383,1.265,.043,.663,4.947,10.469,9724.100,14.427,4,28,"Jul 31 2001 12:00AM","Aug 28 2001 12:00AM"
CO98,9,2001,100,100,100,.166,.018,.020,.029,.131,.697,.052,.473,5.160,5.956,4415.800,8.219,5,35,"Aug 28 2001 12:00AM","Oct  2 2001 12:00AM"
CO98,1,2002,25,100,14,-9.000,-9.000,-9.000,-9.000,-9.000,-9.000,-9.000,-9.000,-9.000,-9.000,70.000,7.366,1,28,"Jan  1 2002 12:00AM","Jan 29 2002 12:00AM"
CO98,10,2002,100,100,100,-9.000,-9.000,-9.000,-9.000,-9.000,-9.000,-9.000,-9.000,-9.000,-9.000,2255.800,5.753,2,28,"Oct  1 2002 12:00AM","Oct 29 2002 12:00AM"
CO98,11,2002,100,100,100,-9.000,-9.000,-9.000,-9.000,-9.000,-9.000,-9.000,-9.000,-9.000,-9.000,2697.800,12.005,4,35,"Oct 29 2002 12:00AM","Dec  3 2002 12:00AM"
CO98,12,2002,25,100,20,-9.000,-9.000,-9.000,-9.000,-9.000,-9.000,-9.000,-9.000,-9.000,-9.000,365.300,2.697,1,28,"Dec  3 2002 12:00AM","Dec 31 2002 12:00AM"
CO98,2,2002,100,100,100,-9.000,-9.000,-9.000,-9.000,-9.000,-9.000,-9.000,-9.000,-9.000,-9.000,1182.300,4.318,4,28,"Jan 29 2002 12:00AM","Feb 26 2002 12:00AM"
CO98,3,2002,80,100,95,-9.000,-9.000,-9.000,-9.000,-9.000,-9.000,-9.000,-9.000,-9.000,-9.000,2679.300,8.382,4,35,"Feb 26 2002 12:00AM","Apr  2 2002 12:00AM"
CO98,4,2002,100,100,100,-9.000,-9.000,-9.000,-9.000,-9.000,-9.000,-9.000,-9.000,-9.000,-9.000,1342.000,4.826,4,28,"Apr  2 2002 12:00AM","Apr 30 2002 12:00AM"
CO98,5,2002,75,100,78,1.011,.084,.028,.049,.191,.981,.062,.350,5.649,9.718,2824.100,6.985,3,28,"Apr 30 2002 12:00AM","May 28 2002 12:00AM"
CO98,6,2002,40,100,4,-9.000,-9.000,-9.000,-9.000,-9.000,-9.000,-9.000,-9.000,-9.000,-9.000,390.400,2.921,1,35,"May 28 2002 12:00AM","Jul  2 2002 12:00AM"
CO98,7,2002,100,100,100,.363,.036,.054,.032,.980,2.107,.090,1.012,6.033,12.412,2358.600,3.937,4,28,"Jul  2 2002 12:00AM","Jul 30 2002 12:00AM"
CO98,8,2002,80,100,89,.218,.023,.020,.031,.236,1.458,.062,.696,4.888,11.184,2908.400,4.699,4,35,"Jul 30 2002 12:00AM","Sep  3 2002 12:00AM"
CO98,9,2002,100,100,100,.250,.035,.082,.020,.247,1.103,.059,.538,5.272,7.532,3872.200,6.985,4,28,"Sep  3 2002 12:00AM","Oct  1 2002 12:00AM"
CO98,1,2003,100,100,100,-9.000,-9.000,-9.000,-9.000,-9.000,-9.000,-9.000,-9.000,-9.000,-9.000,579.400,2.364,3,28,"Dec 31 2002 12:00AM","Jan 28 2003 12:00AM"
CO98,10,2003,100,100,100,.290,.038,.043,.039,.211,1.191,.065,.580,5.319,7.055,1599.000,2.286,2,28,"Sep 30 2003 12:00AM","Oct 28 2003 12:00AM"
CO98,11,2003,80,100,87,-9.000,-9.000,-9.000,-9.000,-9.000,-9.000,-9.000,-9.000,-9.000,-9.000,2470.100,14.986,4,35,"Oct 28 2003 12:00AM","Dec  2 2003 12:00AM"
CO98,12,2003,100,100,100,-9.000,-9.000,-9.000,-9.000,-9.000,-9.000,-9.000,-9.000,-9.000,-9.000,1386.600,6.096,4,28,"Dec  2 2003 12:00AM","Dec 30 2003 12:00AM"
CO98,2,2003,100,100,100,-9.000,-9.000,-9.000,-9.000,-9.000,-9.000,-9.000,-9.000,-9.000,-9.000,2523.400,5.448,4,28,"Jan 28 2003 12:00AM","Feb 25 2003 12:00AM"
CO98,3,2003,40,100,51,-9.000,-9.000,-9.000,-9.000,-9.000,-9.000,-9.000,-9.000,-9.000,-9.000,2032.300,12.623,2,35,"Feb 25 2003 12:00AM","Apr  1 2003 12:00AM"
CO98,4,2003,100,100,100,-9.000,-9.000,-9.000,-9.000,-9.000,-9.000,-9.000,-9.000,-9.000,-9.000,2433.100,5.928,3,28,"Apr  1 2003 12:00AM","Apr 29 2003 12:00AM"
CO98,5,2003,100,100,100,-9.000,-9.000,-9.000,-9.000,-9.000,-9.000,-9.000,-9.000,-9.000,-9.000,3926.700,10.795,5,35,"Apr 29 2003 12:00AM","Jun  3 2003 12:00AM"
CO98,6,2003,50,100,39,-9.000,-9.000,-9.000,-9.000,-9.000,-9.000,-9.000,-9.000,-9.000,-9.000,1607.300,5.537,2,28,"Jun  3 2003 12:00AM","Jul  1 2003 12:00AM"
CO98,7,2003,75,100,98,.166,.017,.030,.016,.537,1.517,.063,.699,5.102,9.771,3482.800,5.796,2,28,"Jul  1 2003 12:00AM","Jul 29 2003 12:00AM"
CO98,8,2003,100,100,100,.131,.014,.021,.014,.281,1.059,.040,.493,5.033,7.901,6437.100,9.271,5,35,"Jul 29 2003 12:00AM","Sep  2 2003 12:00AM"
CO98,9,2003,75,100,75,.160,.023,.060,.022,.233,1.146,.050,.546,5.029,7.966,2597.600,5.588,2,28,"Sep  2 2003 12:00AM","Sep 30 2003 12:00AM"
CO98,1,2004,80,100,94,-9.000,-9.000,-9.000,-9.000,-9.000,-9.000,-9.000,-9.000,-9.000,-9.000,1012.300,9.919,3,35,"Dec 30 2003 12:00AM","Feb  3 2004 12:00AM"
CO98,10,2004,100,100,100,-9.000,-9.000,-9.000,-9.000,-9.000,-9.000,-9.000,-9.000,-9.000,-9.000,4258.300,10.363,5,35,"Sep 28 2004 12:00AM","Nov  2 2004 12:00AM"
CO98,11,2004,100,100,100,-9.000,-9.000,-9.000,-9.000,-9.000,-9.000,-9.000,-9.000,-9.000,-9.000,2999.700,5.730,3,28,"Nov  2 2004 12:00AM","Nov 30 2004 12:00AM"
CO98,12,2004,50,100,15,-9.000,-9.000,-9.000,-9.000,-9.000,-9.000,-9.000,-9.000,-9.000,-9.000,174.400,4.470,2,28,"Nov 30 2004 12:00AM","Dec 28 2004 12:00AM"
CO98,2,2004,100,100,100,-9.000,-9.000,-9.000,-9.000,-9.000,-9.000,-9.000,-9.000,-9.000,-9.000,1241.000,4.623,4,28,"Feb  3 2004 12:00AM","Mar  2 2004 12:00AM"
CO98,3,2004,100,100,100,-9.000,-9.000,-9.000,-9.000,-9.000,-9.000,-9.000,-9.000,-9.000,-9.000,910.100,2.033,3,28,"Mar  2 2004 12:00AM","Mar 30 2004 12:00AM"
CO98,4,2004,75,100,95,-9.000,-9.000,-9.000,-9.000,-9.000,-9.000,-9.000,-9.000,-9.000,-9.000,8583.000,16.876,3,28,"Mar 30 2004 12:00AM","Apr 27 2004 12:00AM"
CO98,5,2004,100,100,100,-9.000,-9.000,-9.000,-9.000,-9.000,-9.000,-9.000,-9.000,-9.000,-9.000,3707.000,8.522,4,35,"Apr 27 2004 12:00AM","Jun  1 2004 12:00AM"
CO98,6,2004,50,100,91,-9.000,-9.000,-9.000,-9.000,-9.000,-9.000,-9.000,-9.000,-9.000,-9.000,6369.300,11.020,2,28,"Jun  1 2004 12:00AM","Jun 29 2004 12:00AM"
CO98,7,2004,80,100,88,.096,.011,.021,.015,.240,.987,.044,.413,4.993,7.585,7159.000,11.481,4,35,"Jun 29 2004 12:00AM","Aug  3 2004 12:00AM"
CO98,8,2004,100,100,100,.165,.017,.017,.023,.143,.744,.042,.410,5.137,5.979,4305.500,6.172,4,28,"Aug  3 2004 12:00AM","Aug 31 2004 12:00AM"
CO98,9,2004,100,100,100,.172,.018,.022,.026,.123,.741,.047,.365,5.209,5.406,4453.700,8.128,4,28,"Aug 31 2004 12:00AM","Sep 28 2004 12:00AM"
CO98,1,2005,100,100,100,-9.000,-9.000,-9.000,-9.000,-9.000,-9.000,-9.000,-9.000,-9.000,-9.000,1695.900,10.691,4,35,"Dec 28 2004 12:00AM","Feb  1 2005 12:00AM"
CO98,10,2005,100,100,100,-9.000,-9.000,-9.000,-9.000,-9.000,-9.000,-9.000,-9.000,-9.000,-9.000,2014.100,6.262,4,35,"Sep 27 2005 12:00AM","Nov  1 2005 12:00AM"
CO98,11,2005,100,100,100,-9.000,-9.000,-9.000,-9.000,-9.000,-9.000,-9.000,-9.000,-9.000,-9.000,1240.900,9.405,4,28,"Nov  1 2005 12:00AM","Nov 29 2005 12:00AM"
CO98,12,2005,17,100,22,-9.000,-9.000,-9.000,-9.000,-9.000,-9.000,-9.000,-9.000,-9.000,-9.000,154.000,3.522,1,35,"Nov 29 2005 12:00AM","Jan  3 2006 12:00AM"
CO98,2,2005,100,100,100,-9.000,-9.000,-9.000,-9.000,-9.000,-9.000,-9.000,-9.000,-9.000,-9.000,1127.200,5.588,4,28,"Feb  1 2005 12:00AM","Mar  1 2005 12:00AM"
CO98,3,2005,100,100,100,-9.000,-9.000,-9.000,-9.000,-9.000,-9.000,-9.000,-9.000,-9.000,-9.000,3089.500,8.509,4,28,"Mar  1 2005 12:00AM","Mar 29 2005 12:00AM"
CO98,4,2005,100,100,100,-9.000,-9.000,-9.000,-9.000,-9.000,-9.000,-9.000,-9.000,-9.000,-9.000,5489.300,13.843,4,35,"Mar 29 2005 12:00AM","May  3 2005 12:00AM"
CO98,5,2005,75,100,99,-9.000,-9.000,-9.000,-9.000,-9.000,-9.000,-9.000,-9.000,-9.000,-9.000,4918.200,9.830,3,28,"May  3 2005 12:00AM","May 31 2005 12:00AM"
CO98,6,2005,100,100,100,.119,.015,.036,.033,.134,.852,.061,.575,4.898,8.567,5151.500,8.128,4,28,"May 31 2005 12:00AM","Jun 28 2005 12:00AM"
CO98,7,2005,100,100,100,.240,.025,.048,.027,.390,1.139,.067,.688,5.182,8.444,8200.200,12.459,4,35,"Jun 28 2005 12:00AM","Aug  2 2005 12:00AM"
CO98,8,2005,100,100,100,.077,.009,.010,.013,.145,.722,.035,.379,5.016,6.673,5699.400,8.272,4,28,"Aug  2 2005 12:00AM","Aug 30 2005 12:00AM"
CO98,9,2005,100,100,100,.118,.016,.041,.036,.087,.834,.069,.493,4.937,8.361,1779.200,2.794,3,28,"Aug 30 2005 12:00AM","Sep 27 2005 12:00AM"
CO98,1,2006,100,100,100,-9.000,-9.000,-9.000,-9.000,-9.000,-9.000,-9.000,-9.000,-9.000,-9.000,1635.000,8.357,4,28,"Jan  3 2006 12:00AM","Jan 31 2006 12:00AM"
CO98,10,2006,25,100,6,-9.000,-9.000,-9.000,-9.000,-9.000,-9.000,-9.000,-9.000,-9.000,-9.000,412.700,14.402,1,28,"Oct  3 2006 12:00AM","Oct 31 2006 12:00AM"
CO98,11,2006,25,100,22,-9.000,-9.000,-9.000,-9.000,-9.000,-9.000,-9.000,-9.000,-9.000,-9.000,307.200,6.985,1,28,"Oct 31 2006 12:00AM","Nov 28 2006 12:00AM"
CO98,12,2006,20,100,24,-9.000,-9.000,-9.000,-9.000,-9.000,-9.000,-9.000,-9.000,-9.000,-9.000,1009.500,6.173,1,35,"Nov 28 2006 12:00AM","Jan  2 2007 12:00AM"
CO98,2,2006,100,100,100,-9.000,-9.000,-9.000,-9.000,-9.000,-9.000,-9.000,-9.000,-9.000,-9.000,948.700,5.715,3,28,"Jan 31 2006 12:00AM","Feb 28 2006 12:00AM"
CO98,3,2006,100,100,100,-9.000,-9.000,-9.000,-9.000,-9.000,-9.000,-9.000,-9.000,-9.000,-9.000,3169.200,6.382,4,28,"Feb 28 2006 12:00AM","Mar 28 2006 12:00AM"
CO98,4,2006,80,100,96,.531,.038,.035,.057,.177,.735,.058,.537,5.875,6.298,1801.800,2.757,3,35,"Mar 28 2006 12:00AM","May  2 2006 12:00AM"
CO98,5,2006,25,100,0,-9.000,-9.000,-9.000,-9.000,-9.000,-9.000,-9.000,-9.000,-9.000,-9.000,.000,10.160,0,28,"May  2 2006 12:00AM","May 30 2006 12:00AM"
CO98,6,2006,25,100,0,-9.000,-9.000,-9.000,-9.000,-9.000,-9.000,-9.000,-9.000,-9.000,-9.000,.000,1.406,0,28,"May 30 2006 12:00AM","Jun 27 2006 12:00AM"
CO98,7,2006,80,100,91,.146,.016,.032,.044,.263,.926,.080,.482,5.052,7.665,7148.000,10.834,4,35,"Jun 27 2006 12:00AM","Aug  1 2006 12:00AM"
CO98,8,2006,100,100,100,.185,.022,.029,.047,.310,1.788,.083,.763,4.722,12.816,2829.900,4.160,4,28,"Aug  1 2006 12:00AM","Aug 29 2006 12:00AM"
CO98,9,2006,100,100,100,-9.000,-9.000,-9.000,-9.000,-9.000,-9.000,-9.000,-9.000,-9.000,-9.000,3943.100,7.778,5,35,"Aug 29 2006 12:00AM","Oct  3 2006 12:00AM"
CO98,1,2007,29,100,25,-9.000,-9.000,-9.000,-9.000,-9.000,-9.000,-9.000,-9.000,-9.000,-9.000,863.100,6.604,1,21,"Jan  2 2007 12:00AM","Jan 23 2007 12:00AM"
CO98,10,2007,75,100,59,-9.000,-9.000,-9.000,-9.000,-9.000,-9.000,-9.000,-9.000,-9.000,-9.000,1762.900,5.588,2,28,"Oct  2 2007 12:00AM","Oct 30 2007 12:00AM"
CO98,11,2007,25,100,66,-9.000,-9.000,-9.000,-9.000,-9.000,-9.000,-9.000,-9.000,-9.000,-9.000,809.300,2.794,1,28,"Oct 30 2007 12:00AM","Nov 27 2007 12:00AM"
CO98,12,2007,40,100,57,-9.000,-9.000,-9.000,-9.000,-9.000,-9.000,-9.000,-9.000,-9.000,-9.000,2662.000,15.291,2,35,"Nov 27 2007 12:00AM","Jan  1 2008 12:00AM"
CO98,2,2007,75,100,48,-9.000,-9.000,-9.000,-9.000,-9.000,-9.000,-9.000,-9.000,-9.000,-9.000,761.400,5.163,3,28,"Jan 30 2007 12:00AM","Feb 27 2007 12:00AM"
CO98,3,2007,100,100,100,-9.000,-9.000,-9.000,-9.000,-9.000,-9.000,-9.000,-9.000,-9.000,-9.000,3659.900,7.337,4,35,"Feb 27 2007 12:00AM","Apr  3 2007 12:00AM"
CO98,4,2007,100,100,100,-9.000,-9.000,-9.000,-9.000,-9.000,-9.000,-9.000,-9.000,-9.000,-9.000,3861.900,8.941,4,28,"Apr  3 2007 12:00AM","May  1 2007 12:00AM"
CO98,5,2007,50,100,82,-9.000,-9.000,-9.000,-9.000,-9.000,-9.000,-9.000,-9.000,-9.000,-9.000,1728.500,5.888,2,28,"May  1 2007 12:00AM","May 29 2007 12:00AM"
CO98,6,2007,20,100,33,-9.000,-9.000,-9.000,-9.000,-9.000,-9.000,-9.000,-9.000,-9.000,-9.000,757.500,3.427,1,35,"May 29 2007 12:00AM","Jul  3 2007 12:00AM"
CO98,7,2007,75,100,86,.249,.028,.071,.026,.482,1.272,.073,.633,5.207,8.385,2277.900,3.734,3,28,"Jul  3 2007 12:00AM","Jul 31 2007 12:00AM"
CO98,8,2007,100,100,100,.142,.015,.028,.016,.422,1.294,.042,.511,5.103,7.974,5527.500,8.153,4,28,"Jul 31 2007 12:00AM","Aug 28 2007 12:00AM"
CO98,9,2007,100,100,100,.278,.027,.033,.034,.147,.715,.060,.506,5.257,6.009,8497.500,13.792,5,35,"Aug 28 2007 12:00AM","Oct  2 2007 12:00AM"
CO98,1,2008,75,100,63,-9.000,-9.000,-9.000,-9.000,-9.000,-9.000,-9.000,-9.000,-9.000,-9.000,418.800,12.751,3,28,"Jan  1 2008 12:00AM","Jan 29 2008 12:00AM"
CO98,10,2008,100,100,100,-9.000,-9.000,-9.000,-9.000,-9.000,-9.000,-9.000,-9.000,-9.000,-9.000,1253.400,2.972,4,28,"Sep 30 2008 12:00AM","Oct 28 2008 12:00AM"
CO98,11,2008,80,100,99,-9.000,-9.000,-9.000,-9.000,-9.000,-9.000,-9.000,-9.000,-9.000,-9.000,1136.700,6.833,4,35,"Oct 28 2008 12:00AM","Dec  2 2008 12:00AM"
CO98,12,2008,25,100,38,-9.000,-9.000,-9.000,-9.000,-9.000,-9.000,-9.000,-9.000,-9.000,-9.000,1061.900,7.376,1,28,"Dec  2 2008 12:00AM","Dec 30 2008 12:00AM"
CO98,2,2008,25,100,21,-9.000,-9.000,-9.000,-9.000,-9.000,-9.000,-9.000,-9.000,-9.000,-9.000,769.500,11.913,1,28,"Jan 29 2008 12:00AM","Feb 26 2008 12:00AM"
CO98,3,2008,20,100,4,-9.000,-9.000,-9.000,-9.000,-9.000,-9.000,-9.000,-9.000,-9.000,-9.000,142.400,13.310,1,35,"Feb 26 2008 12:00AM","Apr  1 2008 12:00AM"
CO98,4,2008,75,100,52,-9.000,-9.000,-9.000,-9.000,-9.000,-9.000,-9.000,-9.000,-9.000,-9.000,1958.900,11.201,3,28,"Apr  1 2008 12:00AM","Apr 29 2008 12:00AM"
CO98,5,2008,80,100,79,-9.000,-9.000,-9.000,-9.000,-9.000,-9.000,-9.000,-9.000,-9.000,-9.000,4220.800,13.056,3,35,"Apr 29 2008 12:00AM","Jun  3 2008 12:00AM"
CO98,6,2008,25,100,82,-9.000,-9.000,-9.000,-9.000,-9.000,-9.000,-9.000,-9.000,-9.000,-9.000,1518.800,3.708,1,28,"Jun  3 2008 12:00AM","Jul  1 2008 12:00AM"
CO98,7,2008,50,100,83,-9.000,-9.000,-9.000,-9.000,-9.000,-9.000,-9.000,-9.000,-9.000,-9.000,2266.000,4.064,2,28,"Jul  1 2008 12:00AM","Jul 29 2008 12:00AM"
CO98,8,2008,80,100,99,.115,.013,.012,.012,.149,.675,.036,.422,5.049,6.238,6648.300,9.652,4,35,"Jul 29 2008 12:00AM","Sep  2 2008 12:00AM"
CO98,9,2008,100,100,100,.214,.026,.019,.023,.213,.940,.056,.543,5.170,6.795,4493.300,6.655,3,28,"Sep  2 2008 12:00AM","Sep 30 2008 12:00AM"
CO98,1,2009,60,100,93,-9.000,-9.000,-9.000,-9.000,-9.000,-9.000,-9.000,-9.000,-9.000,-9.000,2216.100,19.304,3,35,"Dec 30 2008 12:00AM","Feb  3 2009 12:00AM"
CO98,10,2009,80,100,78,-9.000,-9.000,-9.000,-9.000,-9.000,-9.000,-9.000,-9.000,-9.000,-9.000,4145.900,12.486,4,35,"Sep 29 2009 12:00AM","Nov  3 2009 12:00AM"
CO98,11,2009,100,100,100,-9.000,-9.000,-9.000,-9.000,-9.000,-9.000,-9.000,-9.000,-9.000,-9.000,1322.800,3.962,2,28,"Nov  3 2009 12:00AM","Dec  1 2009 12:00AM"
CO98,12,2009,0,100,0,-9.000,-9.000,-9.000,-9.000,-9.000,-9.000,-9.000,-9.000,-9.000,-9.000,.000,11.735,0,28,"Dec  1 2009 12:00AM","Dec 29 2009 12:00AM"
CO98,2,2009,100,100,100,-9.000,-9.000,-9.000,-9.000,-9.000,-9.000,-9.000,-9.000,-9.000,-9.000,1230.100,9.627,4,28,"Feb  3 2009 12:00AM","Mar  3 2009 12:00AM"
CO98,3,2009,50,100,78,-9.000,-9.000,-9.000,-9.000,-9.000,-9.000,-9.000,-9.000,-9.000,-9.000,2103.400,8.890,2,28,"Mar  3 2009 12:00AM","Mar 31 2009 12:00AM"
CO98,4,2009,50,100,23,-9.000,-9.000,-9.000,-9.000,-9.000,-9.000,-9.000,-9.000,-9.000,-9.000,2222.600,24.790,2,28,"Mar 31 2009 12:00AM","Apr 28 2009 12:00AM"
CO98,5,2009,20,100,16,-9.000,-9.000,-9.000,-9.000,-9.000,-9.000,-9.000,-9.000,-9.000,-9.000,1251.900,10.795,1,35,"Apr 28 2009 12:00AM","Jun  2 2009 12:00AM"
CO98,6,2009,100,100,100,.158,.018,.030,.026,.143,.653,.059,.446,5.179,5.757,6587.900,10.236,4,28,"Jun  2 2009 12:00AM","Jun 30 2009 12:00AM"
CO98,7,2009,75,100,98,.119,.015,.023,.020,.230,.813,.051,.470,5.086,6.642,4646.400,6.883,3,28,"Jun 30 2009 12:00AM","Jul 28 2009 12:00AM"
CO98,8,2009,60,100,75,-9.000,-9.000,-9.000,-9.000,-9.000,-9.000,-9.000,-9.000,-9.000,-9.000,1717.300,3.302,3,35,"Jul 28 2009 12:00AM","Sep  1 2009 12:00AM"
CO98,9,2009,75,100,73,-9.000,-9.000,-9.000,-9.000,-9.000,-9.000,-9.000,-9.000,-9.000,-9.000,1517.600,3.024,3,28,"Sep  1 2009 12:00AM","Sep 29 2009 12:00AM"
CO98,1,2010,40,100,50,-9.000,-9.000,-9.000,-9.000,-9.000,-9.000,-9.000,-9.000,-9.000,-9.000,362.500,6.909,2,35,"Dec 29 2009 12:00AM","Feb  2 2010 12:00AM"
CO98,10,2010,80,100,99,.057,.005,.008,.008,.125,.327,.020,.277,5.357,3.583,5457.700,8.974,3,35,"Sep 28 2010 12:00AM","Nov  2 2010 12:00AM"
CO98,11,2010,50,100,59,-9.000,-9.000,-9.000,-9.000,-9.000,-9.000,-9.000,-9.000,-9.000,-9.000,385.800,11.532,2,28,"Nov  2 2010 12:00AM","Nov 30 2010 12:00AM"
CO98,12,2010,0,100,0,-9.000,-9.000,-9.000,-9.000,-9.000,-9.000,-9.000,-9.000,-9.000,-9.000,.000,20.726,0,28,"Nov 30 2010 12:00AM","Dec 28 2010 12:00AM"
CO98,2,2010,100,100,100,.083,.009,.007,.025,.093,.687,.042,.249,5.105,5.377,1919.300,8.179,4,28,"Feb  2 2010 12:00AM","Mar  2 2010 12:00AM"
CO98,3,2010,100,100,100,.082,.008,.005,.017,.212,.499,.026,.269,5.468,3.945,3033.000,9.500,4,28,"Mar  2 2010 12:00AM","Mar 30 2010 12:00AM"
CO98,4,2010,50,100,51,-9.000,-9.000,-9.000,-9.000,-9.000,-9.000,-9.000,-9.000,-9.000,-9.000,1338.700,17.043,2,28,"Mar 30 2010 12:00AM","Apr 27 2010 12:00AM"
CO98,5,2010,60,100,44,-9.000,-9.000,-9.000,-9.000,-9.000,-9.000,-9.000,-9.000,-9.000,-9.000,3831.500,20.168,2,35,"Apr 27 2010 12:00AM","Jun  1 2010 12:00AM"
CO98,6,2010,50,100,93,-9.000,-9.000,-9.000,-9.000,-9.000,-9.000,-9.000,-9.000,-9.000,-9.000,3618.000,5.918,1,28,"Jun  1 2010 12:00AM","Jun 29 2010 12:00AM"
CO98,7,2010,100,100,100,.152,.018,.022,.034,.227,.852,.066,.401,5.163,6.715,8957.700,13.589,5,35,"Jun 29 2010 12:00AM","Aug  3 2010 12:00AM"
CO98,8,2010,100,100,100,.063,.008,.010,.015,.150,.680,.041,.320,5.017,6.125,3697.500,5.512,4,28,"Aug  3 2010 12:00AM","Aug 31 2010 12:00AM"
CO98,9,2010,100,100,100,.059,.006,.006,.014,.076,.309,.042,.169,5.322,3.184,1833.500,2.769,3,28,"Aug 31 2010 12:00AM","Sep 28 2010 12:00AM"
CO98,1,2011,61,100,90,-9.000,-9.000,-9.000,-9.000,-9.000,-9.000,-9.000,-9.000,-9.000,-9.000,1013.600,9.072,3,36,"Dec 28 2010 12:00AM","Feb  2 2011 12:00AM"
CO98,10,2011,80,100,96,.100,.012,.019,.009,.084,.522,.024,.222,5.173,4.173,3763.600,7.722,4,35,"Sep 27 2011 12:00AM","Nov  1 2011 12:00AM"
CO98,11,2011,100,100,100,.193,.032,.064,.050,.097,.384,.045,.337,5.562,4.169,1865.900,12.167,4,28,"Nov  1 2011 12:00AM","Nov 29 2011 12:00AM"
CO98,12,2011,80,100,99,.104,.011,.009,.030,.086,.469,.033,.156,5.319,3.837,2275.600,7.214,4,35,"Nov 29 2011 12:00AM","Jan  3 2012 12:00AM"
CO98,2,2011,48,100,62,-9.000,-9.000,-9.000,-9.000,-9.000,-9.000,-9.000,-9.000,-9.000,-9.000,1442.900,13.179,2,27,"Feb  2 2011 12:00AM","Mar  1 2011 12:00AM"
CO98,3,2011,100,100,100,.272,.023,.017,.035,.080,.458,.034,.295,5.500,4.055,3521.100,17.348,4,28,"Mar  1 2011 12:00AM","Mar 29 2011 12:00AM"
CO98,4,2011,80,100,76,.281,.030,.035,.032,.157,.636,.054,.440,5.713,4.597,4443.500,23.832,4,35,"Mar 29 2011 12:00AM","May  3 2011 12:00AM"
CO98,5,2011,75,100,76,.431,.045,.018,.048,.147,.790,.065,.430,5.611,5.605,6566.800,19.141,3,28,"May  3 2011 12:00AM","May 31 2011 12:00AM"
CO98,6,2011,75,100,97,.226,.025,.044,.033,.191,.718,.062,.557,5.481,5.234,2686.700,4.547,2,28,"May 31 2011 12:00AM","Jun 28 2011 12:00AM"
CO98,7,2011,80,100,75,.150,.014,.024,.029,.304,1.164,.048,.582,5.011,7.963,4765.700,9.271,4,35,"Jun 28 2011 12:00AM","Aug  2 2011 12:00AM"
CO98,8,2011,100,100,100,.201,.025,.022,.032,.339,1.919,.091,.642,4.758,12.229,1639.300,2.235,4,28,"Aug  2 2011 12:00AM","Aug 30 2011 12:00AM"
CO98,9,2011,100,100,100,.048,.006,.010,.010,.094,.432,.026,.218,5.099,4.310,5370.300,8.230,4,28,"Aug 30 2011 12:00AM","Sep 27 2011 12:00AM"
CO98,1,2012,100,100,100,.094,.015,.023,.029,.085,.328,.039,.211,5.328,3.806,1375.100,10.566,4,28,"Jan  3 2012 12:00AM","Jan 31 2012 12:00AM"
CO98,10,2012,75,100,81,.112,.012,.011,.027,.111,.428,.028,.310,5.291,3.859,1268.500,5.791,3,28,"Oct  2 2012 12:00AM","Oct 30 2012 12:00AM"
CO98,11,2012,100,100,100,.076,.007,.005,.010,.053,.206,.021,.133,5.518,2.502,334.700,2.896,2,28,"Oct 30 2012 12:00AM","Nov 27 2012 12:00AM"
CO98,12,2012,60,100,63,-9.000,-9.000,-9.000,-9.000,-9.000,-9.000,-9.000,-9.000,-9.000,-9.000,1542.800,11.836,3,35,"Nov 27 2012 12:00AM","Jan  1 2013 12:00AM"
CO98,2,2012,100,100,100,.101,.011,.009,.023,.138,.332,.028,.194,5.457,3.441,2418.500,16.789,4,28,"Jan 31 2012 12:00AM","Feb 28 2012 12:00AM"
CO98,3,2012,100,100,100,1.445,.091,.059,.178,.205,.488,.072,.871,6.265,11.161,1321.500,6.553,3,35,"Feb 28 2012 12:00AM","Apr  3 2012 12:00AM"
CO98,4,2012,100,100,100,.345,.037,.026,.038,.280,1.001,.066,.571,5.493,6.677,2599.400,6.375,4,28,"Apr  3 2012 12:00AM","May  1 2012 12:00AM"
CO98,5,2012,25,100,18,-9.000,-9.000,-9.000,-9.000,-9.000,-9.000,-9.000,-9.000,-9.000,-9.000,787.100,7.620,1,28,"May  1 2012 12:00AM","May 29 2012 12:00AM"
CO98,6,2012,60,100,50,-9.000,-9.000,-9.000,-9.000,-9.000,-9.000,-9.000,-9.000,-9.000,-9.000,648.300,1.778,1,35,"May 29 2012 12:00AM","Jul  3 2012 12:00AM"
CO98,7,2012,100,100,100,.142,.015,.025,.016,.354,1.107,.039,.492,5.238,6.829,6588.600,9.398,4,28,"Jul  3 2012 12:00AM","Jul 31 2012 12:00AM"
CO98,8,2012,100,100,100,.230,.026,.032,.021,.381,1.339,.067,.510,5.164,7.707,1425.200,1.956,3,28,"Jul 31 2012 12:00AM","Aug 28 2012 12:00AM"
CO98,9,2012,100,100,100,.135,.017,.017,.016,.220,.753,.038,.387,5.309,5.153,6665.800,9.881,5,35,"Aug 28 2012 12:00AM","Oct  2 2012 12:00AM"
CO98,1,2013,75,100,98,.026,.009,.016,.009,.056,.276,.019,.061,5.296,3.031,254.700,3.454,2,28,"Jan  1 2013 12:00AM","Jan 29 2013 12:00AM"
CO98,10,2013,48,100,26,-9.000,-9.000,-9.000,-9.000,-9.000,-9.000,-9.000,-9.000,-9.000,-9.000,608.800,6.985,1,29,"Sep 30 2013 12:00AM","Oct 29 2013 12:00AM"
CO98,11,2013,75,100,99,.077,.021,.032,.020,.070,.393,.028,.213,5.286,4.392,1417.500,11.354,3,28,"Oct 29 2013 12:00AM","Nov 26 2013 12:00AM"
CO98,12,2013,40,100,42,-9.000,-9.000,-9.000,-9.000,-9.000,-9.000,-9.000,-9.000,-9.000,-9.000,478.600,11.176,2,35,"Nov 26 2013 12:00AM","Dec 31 2013 12:00AM"
CO98,2,2013,100,100,100,.052,.006,.006,.013,.092,.356,.025,.158,5.326,3.711,1343.100,9.652,4,28,"Jan 29 2013 12:00AM","Feb 26 2013 12:00AM"
CO98,3,2013,100,100,100,.185,.021,.012,.048,.255,.795,.076,.408,5.596,4.888,3400.200,12.751,5,35,"Feb 26 2013 12:00AM","Apr  2 2013 12:00AM"
CO98,4,2013,25,100,16,-9.000,-9.000,-9.000,-9.000,-9.000,-9.000,-9.000,-9.000,-9.000,-9.000,1928.200,27.737,1,28,"Apr  2 2013 12:00AM","Apr 30 2013 12:00AM"
CO98,5,2013,20,100,42,-9.000,-9.000,-9.000,-9.000,-9.000,-9.000,-9.000,-9.000,-9.000,-9.000,3073.800,16.561,1,35,"Apr 30 2013 12:00AM","Jun  4 2013 12:00AM"
CO98,6,2013,75,100,80,.319,.043,.084,.031,.669,1.233,.080,.563,6.184,8.123,713.500,1.245,2,28,"Jun  4 2013 12:00AM","Jul  2 2013 12:00AM"
CO98,7,2013,100,100,100,.108,.014,.028,.014,.294,.726,.041,.306,5.391,5.278,6372.200,9.398,4,28,"Jul  2 2013 12:00AM","Jul 30 2013 12:00AM"
CO98,8,2013,80,100,95,.117,.013,.033,.017,.409,.901,.044,.542,5.178,7.508,4224.400,6.502,4,35,"Jul 30 2013 12:00AM","Sep  3 2013 12:00AM"
CO98,9,2013,67,100,35,-9.000,-9.000,-9.000,-9.000,-9.000,-9.000,-9.000,-9.000,-9.000,-9.000,4108.900,23.978,3,27,"Sep  3 2013 12:00AM","Sep 30 2013 12:00AM"
CO98,1,2014,50,100,55,-9.000,-9.000,-9.000,-9.000,-9.000,-9.000,-9.000,-9.000,-9.000,-9.000,1384.700,15.646,2,28,"Dec 31 2013 12:00AM","Jan 28 2014 12:00AM"
CO98,10,2014,100,100,100,.074,.008,.007,.018,.140,.312,.024,.279,5.456,3.341,3176.200,7.264,3,28,"Sep 30 2014 12:00AM","Oct 28 2014 12:00AM"
CO98,11,2014,40,100,62,-9.000,-9.000,-9.000,-9.000,-9.000,-9.000,-9.000,-9.000,-9.000,-9.000,337.000,16.866,2,35,"Oct 28 2014 12:00AM","Dec  2 2014 12:00AM"
CO98,12,2014,50,100,70,-9.000,-9.000,-9.000,-9.000,-9.000,-9.000,-9.000,-9.000,-9.000,-9.000,1769.700,12.217,2,28,"Dec  2 2014 12:00AM","Dec 30 2014 12:00AM"
CO98,2,2014,50,100,36,-9.000,-9.000,-9.000,-9.000,-9.000,-9.000,-9.000,-9.000,-9.000,-9.000,2384.600,20.698,2,28,"Jan 28 2014 12:00AM","Feb 25 2014 12:00AM"
CO98,3,2014,60,100,45,-9.000,-9.000,-9.000,-9.000,-9.000,-9.000,-9.000,-9.000,-9.000,-9.000,2297.900,14.452,3,35,"Feb 25 2014 12:00AM","Apr  1 2014 12:00AM"
CO98,4,2014,75,100,96,.255,.026,.021,.040,.147,.316,.030,.239,5.929,3.557,2734.800,11.074,3,28,"Apr  1 2014 12:00AM","Apr 29 2014 12:00AM"
CO98,5,2014,60,100,87,-9.000,-9.000,-9.000,-9.000,-9.000,-9.000,-9.000,-9.000,-9.000,-9.000,5267.600,14.453,3,35,"Apr 29 2014 12:00AM","Jun  3 2014 12:00AM"
CO98,6,2014,0,100,0,-9.000,-9.000,-9.000,-9.000,-9.000,-9.000,-9.000,-9.000,-9.000,-9.000,.000,1.956,0,28,"Jun  3 2014 12:00AM","Jul  1 2014 12:00AM"
CO98,7,2014,50,100,66,-9.000,-9.000,-9.000,-9.000,-9.000,-9.000,-9.000,-9.000,-9.000,-9.000,2712.100,5.918,2,28,"Jul  1 2014 12:00AM","Jul 29 2014 12:00AM"
CO98,8,2014,100,100,100,.060,.008,.023,.011,.143,.511,.034,.210,5.242,4.314,9452.700,14.300,5,35,"Jul 29 2014 12:00AM","Sep  2 2014 12:00AM"
CO98,9,2014,100,100,100,.058,.008,.014,.017,.130,.375,.029,.197,5.423,3.439,6247.000,10.414,4,28,"Sep  2 2014 12:00AM","Sep 30 2014 12:00AM"
CO98,1,2015,100,100,100,.046,.006,.005,.019,.130,.566,.023,.292,5.032,5.743,1138.200,8.865,5,35,"Dec 30 2014 12:00AM","Feb  3 2015 12:00AM"
CO98,10,2015,100,100,100,.079,.009,.009,.013,.115,.320,.020,.183,5.428,3.262,3309.200,7.112,5,35,"Sep 29 2015 12:00AM","Nov  3 2015 12:00AM"
CO98,11,2015,100,100,100,.123,.009,.009,.019,.202,.342,.025,.179,5.564,3.751,3549.800,15.621,4,28,"Nov  3 2015 12:00AM","Dec  1 2015 12:00AM"
CO98,12,2015,48,72,52,-9.000,-9.000,-9.000,-9.000,-9.000,-9.000,-9.000,-9.000,-9.000,-9.000,1601.000,8.407,1,29,"Dec  1 2015 12:00AM","Dec 30 2015 12:00AM"
CO98,2,2015,100,100,100,.031,.004,.003,.010,.089,.243,.017,.128,5.332,3.091,4037.400,16.332,4,28,"Feb  3 2015 12:00AM","Mar  3 2015 12:00AM"
CO98,3,2015,100,100,100,.199,.024,.012,.036,.229,.541,.031,.368,5.419,5.096,1411.900,5.207,4,28,"Mar  3 2015 12:00AM","Mar 31 2015 12:00AM"
CO98,4,2015,75,100,26,-9.000,-9.000,-9.000,-9.000,-9.000,-9.000,-9.000,-9.000,-9.000,-9.000,1887.400,17.170,3,28,"Mar 31 2015 12:00AM","Apr 28 2015 12:00AM"
CO98,5,2015,100,100,100,.094,.012,.007,.020,.139,.562,.041,.267,5.302,4.363,9793.200,17.170,5,35,"Apr 28 2015 12:00AM","Jun  2 2015 12:00AM"
CO98,6,2015,75,100,94,.198,.025,.037,.027,.314,1.043,.067,.467,5.260,7.117,1499.300,2.489,3,28,"Jun  2 2015 12:00AM","Jun 30 2015 12:00AM"
CO98,7,2015,100,100,100,.057,.008,.013,.015,.115,.463,.039,.214,5.153,4.769,4612.300,6.731,4,28,"Jun 30 2015 12:00AM","Jul 28 2015 12:00AM"
CO98,8,2015,80,100,98,.198,.023,.023,.029,.424,1.270,.064,.494,5.112,8.656,2200.600,3.327,3,35,"Jul 28 2015 12:00AM","Sep  1 2015 12:00AM"
CO98,9,2015,100,100,100,.088,.012,.021,.021,.133,.418,.039,.261,5.304,4.084,2347.800,3.658,4,28,"Sep  1 2015 12:00AM","Sep 29 2015 12:00AM"
CO98,1,2016,78,100,98,.029,.003,.004,.010,.093,.346,.016,.309,4.954,5.697,303.700,6.477,3,27,"Dec 30 2015 12:00AM","Jan 26 2016 12:00AM"
CO98,10,2016,100,100,100,.150,.016,.016,.021,.168,.480,.036,.303,5.588,3.992,3466.200,8.331,5,35,"Sep 27 2016 12:00AM","Nov  1 2016 12:00AM"
CO98,11,2016,50,100,44,-9.000,-9.000,-9.000,-9.000,-9.000,-9.000,-9.000,-9.000,-9.000,-9.000,599.300,6.756,2,28,"Nov  1 2016 12:00AM","Nov 29 2016 12:00AM"
CO98,12,2016,20,100,17,-9.000,-9.000,-9.000,-9.000,-9.000,-9.000,-9.000,-9.000,-9.000,-9.000,530.500,26.873,1,35,"Nov 29 2016 12:00AM","Jan  3 2017 12:00AM"
CO98,2,2016,60,100,53,-9.000,-9.000,-9.000,-9.000,-9.000,-9.000,-9.000,-9.000,-9.000,-9.000,980.000,15.596,3,35,"Jan 26 2016 12:00AM","Mar  1 2016 12:00AM"
CO98,3,2016,100,100,100,.161,.016,.011,.023,.156,.336,.028,.176,5.752,3.365,2897.500,13.284,4,28,"Mar  1 2016 12:00AM","Mar 29 2016 12:00AM"
CO98,4,2016,60,100,31,-9.000,-9.000,-9.000,-9.000,-9.000,-9.000,-9.000,-9.000,-9.000,-9.000,877.800,15.799,3,35,"Mar 29 2016 12:00AM","May  3 2016 12:00AM"
CO98,5,2016,75,100,39,-9.000,-9.000,-9.000,-9.000,-9.000,-9.000,-9.000,-9.000,-9.000,-9.000,2452.100,10.236,3,28,"May  3 2016 12:00AM","May 31 2016 12:00AM"
CO98,6,2016,75,100,94,.226,.037,.151,.038,.303,.871,.085,.471,5.482,6.412,1624.800,2.464,2,28,"May 31 2016 12:00AM","Jun 28 2016 12:00AM"
CO98,7,2016,80,100,96,.158,.021,.030,.032,.275,.794,.079,.301,5.401,5.557,2083.000,3.581,4,35,"Jun 28 2016 12:00AM","Aug  2 2016 12:00AM"
CO98,8,2016,100,100,100,.300,.035,.045,.041,.618,1.185,.088,.483,5.792,7.808,3360.900,5.131,4,29,"Aug  2 2016 12:00AM","Aug 31 2016 12:00AM"
CO98,9,2016,100,100,100,.165,.019,.074,.029,.212,.495,.061,.362,5.335,5.251,1317.700,2.489,4,27,"Aug 31 2016 12:00AM","Sep 27 2016 12:00AM"
CO98,1,2017,25,50,33,-9.000,-9.000,-9.000,-9.000,-9.000,-9.000,-9.000,-9.000,-9.000,-9.000,37.400,5.207,0,28,"Jan  3 2017 12:00AM","Jan 31 2017 12:00AM"
CO98,10,2017,79,100,97,.164,.016,.013,.014,.207,.388,.026,.172,5.404,5.904,1208.800,3.200,3,28,"Oct  3 2017 12:00AM","Oct 31 2017 12:00AM"
CO98,11,2017,100,100,100,.103,.011,.007,.008,.091,.251,.019,.234,5.444,3.181,2682.200,7.710,3,28,"Oct 31 2017 12:00AM","Nov 28 2017 12:00AM"
CO98,12,2017,83,100,99,.792,.021,.018,.014,.166,.420,.018,.140,5.634,3.692,1369.800,6.515,1,35,"Nov 28 2017 12:00AM","Jan  2 2018 12:00AM"
CO98,2,2017,100,100,100,.080,.008,.008,.011,.110,.314,.018,.175,5.301,3.560,2339.000,24.282,3,28,"Jan 31 2017 12:00AM","Feb 28 2017 12:00AM"
CO98,3,2017,79,100,94,.194,.016,.012,.026,.101,.346,.021,.157,5.757,3.281,1592.100,7.747,2,28,"Feb 28 2017 12:00AM","Mar 28 2017 12:00AM"
CO98,4,2017,80,100,69,-9.000,-9.000,-9.000,-9.000,-9.000,-9.000,-9.000,-9.000,-9.000,-9.000,4289.500,16.662,3,35,"Mar 28 2017 12:00AM","May  2 2017 12:00AM"
CO98,5,2017,100,100,100,.188,.009,.007,.014,.169,.295,.027,.149,5.623,2.843,3834.000,18.707,3,28,"May  2 2017 12:00AM","May 30 2017 12:00AM"
CO98,6,2017,100,100,100,.262,.034,.019,.047,.291,.775,.097,.498,5.616,5.446,746.500,1.126,2,28,"May 30 2017 12:00AM","Jun 27 2017 12:00AM"
CO98,7,2017,60,100,88,-9.000,-9.000,-9.000,-9.000,-9.000,-9.000,-9.000,-9.000,-9.000,-9.000,3740.500,7.010,3,35,"Jun 27 2017 12:00AM","Aug  1 2017 12:00AM"
CO98,8,2017,100,100,100,.169,.020,.048,.024,.408,.731,.066,.371,5.407,5.991,6377.800,9.754,4,28,"Aug  1 2017 12:00AM","Aug 29 2017 12:00AM"
CO98,9,2017,100,100,100,.105,.010,.012,.013,.224,.591,.036,.241,5.466,3.970,7046.400,13.589,4,35,"Aug 29 2017 12:00AM","Oct  3 2017 12:00AM"
CO98,1,2018,100,100,100,.713,.067,.050,.038,.103,.389,.030,.141,5.407,2.398,1342.800,3.634,3,28,"Jan  2 2018 12:00AM","Jan 30 2018 12:00AM"
CO98,10,2018,100,100,100,.046,.004,.010,.009,.105,.276,.019,.103,5.475,2.693,4689.600,8.861,3,28,"Oct  2 2018 12:00AM","Oct 30 2018 12:00AM"
CO98,11,2018,100,100,100,.040,.003,.012,.022,.072,.265,.027,.092,5.481,2.556,2748.500,8.179,4,28,"Oct 30 2018 12:00AM","Nov 27 2018 12:00AM"
CO98,12,2018,64,64,100,-9.000,-9.000,-9.000,-9.000,-9.000,-9.000,-9.000,-9.000,-9.000,-9.000,153.800,.227,1,33,"Nov 27 2018 12:00AM","Dec 18 2018 12:00AM"
CO98,2,2018,50,100,54,-9.000,-9.000,-9.000,-9.000,-9.000,-9.000,-9.000,-9.000,-9.000,-9.000,749.500,16.027,2,28,"Jan 30 2018 12:00AM","Feb 27 2018 12:00AM"
CO98,3,2018,100,100,100,.269,.031,.027,.040,.256,.630,.059,.245,5.695,4.766,2257.700,10.135,5,35,"Feb 27 2018 12:00AM","Apr  3 2018 12:00AM"
CO98,4,2018,100,100,100,.685,.046,.027,.039,.191,.406,.044,.285,5.688,6.576,3709.700,12.979,4,28,"Apr  3 2018 12:00AM","May  1 2018 12:00AM"
CO98,5,2018,75,100,85,.186,.020,.016,.029,.274,.734,.056,.285,5.727,4.427,3758.500,6.960,3,28,"May  1 2018 12:00AM","May 29 2018 12:00AM"
CO98,6,2018,60,100,72,-9.000,-9.000,-9.000,-9.000,-9.000,-9.000,-9.000,-9.000,-9.000,-9.000,1000.700,3.023,1,35,"May 29 2018 12:00AM","Jul  3 2018 12:00AM"
CO98,7,2018,75,100,72,-9.000,-9.000,-9.000,-9.000,-9.000,-9.000,-9.000,-9.000,-9.000,-9.000,2487.200,5.150,3,28,"Jul  3 2018 12:00AM","Jul 31 2018 12:00AM"
CO98,8,2018,100,100,100,.138,.016,.041,.021,.337,.695,.050,.295,5.468,5.316,3308.500,6.020,3,28,"Jul 31 2018 12:00AM","Aug 28 2018 12:00AM"
CO98,9,2018,100,100,100,.336,.044,.091,.064,.551,1.119,.109,.556,6.041,6.962,1283.000,2.012,3,35,"Aug 28 2018 12:00AM","Oct  2 2018 12:00AM"
CO98,1,2019,44,44,100,-9.000,-9.000,-9.000,-9.000,-9.000,-9.000,-9.000,-9.000,-9.000,-9.000,846.400,5.563,2,32,"Jan 15 2019 12:00AM","Jan 29 2019 12:00AM"
CO98,10,2019,88,88,100,-9.000,-9.000,-9.000,-9.000,-9.000,-9.000,-9.000,-9.000,-9.000,-9.000,3391.000,13.767,3,32,"Oct  1 2019 12:00AM","Oct 29 2019 12:00AM"
CO98,11,2019,83,100,99,.058,.003,.005,.022,.097,.523,.045,.083,5.241,3.743,1989.000,11.887,3,35,"Oct 29 2019 12:00AM","Dec  3 2019 12:00AM"
CO98,12,2019,96,96,100,.011,.003,.004,.005,.020,.138,.009,.078,5.180,2.919,1432.500,8.687,3,28,"Dec  3 2019 12:00AM","Dec 30 2019 12:00AM"
CO98,2,2019,88,88,100,-9.000,-9.000,-9.000,-9.000,-9.000,-9.000,-9.000,-9.000,-9.000,-9.000,1141.200,7.010,4,32,"Jan 29 2019 12:00AM","Feb 26 2019 12:00AM"
CO98,3,2019,100,100,100,.029,.003,.002,.007,.082,.232,.013,.136,5.328,3.032,4922.800,17.274,5,31,"Feb 26 2019 12:00AM","Apr  2 2019 12:00AM"
CO98,4,2019,75,100,66,-9.000,-9.000,-9.000,-9.000,-9.000,-9.000,-9.000,-9.000,-9.000,-9.000,2222.600,17.964,3,28,"Apr  2 2019 12:00AM","May  7 2019 12:00AM"
CO98,5,2019,65,65,100,-9.000,-9.000,-9.000,-9.000,-9.000,-9.000,-9.000,-9.000,-9.000,-9.000,3859.200,8.992,3,34,"May  7 2019 12:00AM","May 29 2019 12:00AM"
CO98,6,2019,100,100,100,.184,.023,.028,.031,.260,.557,.062,.278,5.754,4.381,4996.400,8.751,5,24,"May 29 2019 12:00AM","Jul  2 2019 12:00AM"
CO98,7,2019,47,90,70,-9.000,-9.000,-9.000,-9.000,-9.000,-9.000,-9.000,-9.000,-9.000,-9.000,1846.300,4.597,2,30,"Jul  2 2019 12:00AM","Jul 29 2019 12:00AM"
CO98,8,2019,83,100,89,.135,.017,.016,.028,.433,1.122,.071,.400,5.283,6.582,1634.400,2.709,2,35,"Jul 29 2019 12:00AM","Sep  3 2019 12:00AM"
CO98,9,2019,100,100,100,.249,.028,.022,.020,.254,.657,.048,.361,5.748,4.768,4110.000,6.528,2,26,"Sep  3 2019 12:00AM","Oct  1 2019 12:00AM"
CO98,1,2020,85,85,100,-9.000,-9.000,-9.000,-9.000,-9.000,-9.000,-9.000,-9.000,-9.000,-9.000,430.400,11.913,4,34,"Dec 30 2019 12:00AM","Jan 28 2020 12:00AM"
CO98,10,2020,100,100,100,1.784,.154,.259,.056,.514,.491,.059,.431,6.627,15.461,1768.200,4.521,2,35,"Sep 29 2020 12:00AM","Nov  3 2020 12:00AM"
CO98,11,2020,100,100,100,.497,.046,.104,.025,.108,.298,.036,.207,5.997,5.049,1440.200,9.068,4,26,"Nov  3 2020 12:00AM","Dec  1 2020 12:00AM"
CO98,12,2020,69,91,78,-9.000,-9.000,-9.000,-9.000,-9.000,-9.000,-9.000,-9.000,-9.000,-9.000,1409.100,6.756,2,32,"Dec  1 2020 12:00AM","Dec 30 2020 12:00AM"
CO98,2,2020,100,100,100,.069,.006,.007,.021,.145,.314,.031,.118,5.496,3.109,4069.400,12.268,5,28,"Jan 28 2020 12:00AM","Mar  3 2020 12:00AM"
CO98,3,2020,50,100,47,-9.000,-9.000,-9.000,-9.000,-9.000,-9.000,-9.000,-9.000,-9.000,-9.000,703.000,10.750,2,28,"Mar  3 2020 12:00AM","Apr 14 2020 12:00AM"
CO98,4,2020,44,44,100,-9.000,-9.000,-9.000,-9.000,-9.000,-9.000,-9.000,-9.000,-9.000,-9.000,1986.700,11.028,2,32,"Apr 14 2020 12:00AM","Apr 28 2020 12:00AM"
CO98,5,2020,90,100,81,.202,.024,.018,.050,.331,.509,.068,.292,5.896,4.645,2999.400,5.817,4,31,"Apr 28 2020 12:00AM","Jun  2 2020 12:00AM"
CO98,6,2020,100,100,100,.395,.044,.072,.059,.437,.718,.102,.409,5.931,6.800,2797.600,4.801,3,28,"Jun  2 2020 12:00AM","Jun 30 2020 12:00AM"
CO98,7,2020,21,82,68,-9.000,-9.000,-9.000,-9.000,-9.000,-9.000,-9.000,-9.000,-9.000,-9.000,987.300,3.658,1,34,"Jun 30 2020 12:00AM","Jul 28 2020 12:00AM"
CO98,8,2020,100,100,100,.761,.073,.117,.048,1.009,1.392,.103,.748,6.170,12.985,1548.200,2.819,3,26,"Jul 28 2020 12:00AM","Sep  1 2020 12:00AM"
CO98,9,2020,93,93,100,.161,.014,.020,.007,.142,.195,.014,.082,5.801,2.894,2682.100,5.842,3,30,"Sep  1 2020 12:00AM","Sep 29 2020 12:00AM"
CO98,1,2021,100,100,100,.098,.008,.027,.050,.193,.428,.078,.160,5.491,2.002,677.000,8.738,5,34,"Dec 30 2020  6:06PM","Feb  2 2021  5:35PM"
CO98,10,2021,79,100,80,.131,.012,.014,.018,.261,.755,.043,.267,5.359,2.536,3710.600,15.316,4,35,"Sep 28 2021  7:01PM","Nov  2 2021  4:32PM"
CO98,11,2021,100,100,90,.137,.014,.027,.041,.179,.357,.058,.293,5.463,1.717,600.700,5.867,3,28,"Nov  2 2021  4:32PM","Nov 30 2021  5:59PM"
CO98,12,2021,76,100,86,.090,.010,.017,.014,.040,.258,.024,.104,5.523,.942,960.200,21.869,2,29,"Nov 30 2021  5:59PM","Dec 29 2021  6:56PM"
CO98,2,2021,100,100,100,.096,.012,.018,.028,.113,.204,.027,.107,5.601,1.473,2900.300,18.974,4,28,"Feb  2 2021  5:35PM","Mar  2 2021  6:59PM"
CO98,3,2021,24,100,7,-9.000,-9.000,-9.000,-9.000,-9.000,-9.000,-9.000,-9.000,-9.000,-9.000,233.700,15.926,1,28,"Mar  2 2021  6:59PM","Mar 30 2021  4:55PM"
CO98,4,2021,75,100,99,.858,.063,.039,.132,.457,.649,.130,.504,6.702,4.771,3471.400,11.963,3,28,"Mar 30 2021  4:55PM","Apr 27 2021  5:55PM"
CO98,5,2021,82,100,95,.136,.012,.012,.023,.191,.267,.033,.132,5.814,1.588,7813.600,21.082,4,35,"Apr 27 2021  5:55PM","Jun  1 2021  5:56PM"
CO98,6,2021,75,100,74,-9.000,-9.000,-9.000,-9.000,-9.000,-9.000,-9.000,-9.000,-9.000,-9.000,2940.900,7.061,2,28,"Jun  1 2021  5:56PM","Jun 29 2021  4:21PM"
CO98,7,2021,100,100,100,.155,.015,.042,.025,.511,.856,.057,.312,5.372,3.483,5977.200,9.398,4,35,"Jun 29 2021  4:21PM","Aug  3 2021  2:11PM"
CO98,8,2021,99,99,100,.251,.033,.056,.041,.334,.655,.065,.254,5.702,2.684,2351.900,4.013,4,28,"Aug  3 2021  2:11PM","Aug 31 2021  7:22PM"
CO98,9,2021,75,99,68,-9.000,-9.000,-9.000,-9.000,-9.000,-9.000,-9.000,-9.000,-9.000,-9.000,1568.500,4.496,3,28,"Aug 31 2021  7:22PM","Sep 28 2021  7:01PM"
