"","date","site_code","nitrate_mgL","discharge_Ls"
"1",1971-10-26,"GSWS06",0,0.937035272727273
"2",1971-11-15,"GSWS06",0,4.011575
"3",1971-11-16,"GSWS06",0.000125,3.936063
"4",1971-11-17,"GSWS06",0.00025,3.794478
"5",1971-11-18,"GSWS06",0.000375,3.652893
"6",1971-11-19,"GSWS06",5e-04,3.7142465
"7",1971-11-20,"GSWS06",0.000625,3.8369535
"8",1971-11-21,"GSWS06",0.00075,3.9219045
"9",1971-11-22,"GSWS06",0.000875,3.8369535
"10",1971-11-23,"GSWS06",0.001,4.66064505882353
"11",1971-11-24,"GSWS06",0.001125,6.06822822222222
"12",1971-11-25,"GSWS06",0.00125,14.884123125
"13",1971-11-26,"GSWS06",0.001375,66.2167302272727
"14",1971-11-27,"GSWS06",0.0015,52.9537664482759
"15",1971-11-28,"GSWS06",0.001625,50.8967295652174
"16",1971-11-29,"GSWS06",0.00175,47.1502673478261
"17",1971-11-30,"GSWS06",0.001875,32.6864362173913
"18",1971-12-01,"GSWS06",0.002,21.8507297647059
"19",1971-12-22,"GSWS06",0,5.1961695
"20",1972-01-18,"GSWS06",0,45.1246298684211
"21",1972-01-19,"GSWS06",0,69.9046250322581
"22",1972-01-20,"GSWS06",0,157.48952622
"23",1972-01-21,"GSWS06",0,114.3865215
"24",1972-01-22,"GSWS06",0,57.4571458965517
"25",1972-01-23,"GSWS06",0,39.5475222
"26",1972-01-24,"GSWS06",0,27.1314616
"27",1972-01-25,"GSWS06",0,19.25791975
"28",1972-01-26,"GSWS06",0,15.4271016
"29",1972-01-27,"GSWS06",0,13.526087
"30",1972-01-28,"GSWS06",0,11.732677
"31",1972-01-29,"GSWS06",0,10.1422055
"32",1972-01-30,"GSWS06",0,8.6989824
"33",1972-01-31,"GSWS06",0,7.3671395
"34",1972-02-01,"GSWS06",0,6.1400695
"35",1972-02-02,"GSWS06",0,4.6298295
"36",1972-02-03,"GSWS06",0,3.6387345
"37",1972-02-04,"GSWS06",0,3.4121985
"38",1972-02-05,"GSWS06",0,3.41927775
"39",1972-02-06,"GSWS06",0,3.936063
"40",1972-02-07,"GSWS06",0,4.2079062
"41",1972-02-08,"GSWS06",0,4.66421442857143
"42",1972-02-09,"GSWS06",0,5.550132
"43",1972-02-10,"GSWS06",0,6.173106
"44",1972-02-11,"GSWS06",0,7.66058135294118
"45",1972-02-12,"GSWS06",0,16.8501053684211
"46",1972-02-13,"GSWS06",0,35.33253675
"47",1972-02-14,"GSWS06",0,29.9943658235294
"48",1972-03-08,"GSWS06",0,23.521988
"49",1972-03-30,"GSWS06",0,6.427959
"50",1972-04-18,"GSWS06",0,7.5464805
"51",1972-05-08,"GSWS06",0,4.9979505
"52",1972-05-30,"GSWS06",0,3.171504
"53",1972-06-19,"GSWS06",0,1.330899
"54",1972-07-10,"GSWS06",0,0.651291
"55",1972-07-31,"GSWS06",0.002,0.3341406
"56",1972-08-01,"GSWS06",0.00213333333333333,0.31856625
"57",1972-08-02,"GSWS06",0.00226666666666667,0.311487
"58",1972-08-03,"GSWS06",0.0024,0.29024925
"59",1972-08-04,"GSWS06",0.00253333333333333,0.28317
"60",1972-08-05,"GSWS06",0.00266666666666667,0.26193225
"61",1972-08-06,"GSWS06",0.0028,0.254853
"62",1972-08-07,"GSWS06",0.00293333333333333,0.23361525
"63",1972-08-08,"GSWS06",0.00306666666666667,0.226536
"64",1972-08-09,"GSWS06",0.0032,0.217097
"65",1972-08-10,"GSWS06",0.00333333333333333,0.2095458
"66",1972-08-11,"GSWS06",0.00346666666666667,0.198219
"67",1972-08-12,"GSWS06",0.0036,0.198219
"68",1972-08-13,"GSWS06",0.00373333333333333,0.1840605
"69",1972-08-14,"GSWS06",0.00386666666666667,0.198219
"70",1972-08-15,"GSWS06",0.004,0.198219
"71",1972-09-05,"GSWS06",0.002,0.113268
"72",1972-09-25,"GSWS06",0.002,0.28317
"73",1972-10-20,"GSWS06",0.004,0.113268
"74",1972-11-13,"GSWS06",0.006,0.6371325
"75",1972-11-14,"GSWS06",0.00571428571428571,0.538023
"76",1972-11-15,"GSWS06",0.00542857142857143,0.481389
"77",1972-11-16,"GSWS06",0.00514285714285714,0.453072
"78",1972-11-17,"GSWS06",0.00485714285714286,0.405877
"79",1972-11-18,"GSWS06",0.00457142857142857,0.424755
"80",1972-11-19,"GSWS06",0.00428571428571429,0.396438
"81",1972-11-20,"GSWS06",0.004,0.368121
"82",1972-11-21,"GSWS06",0.00371428571428571,0.368121
"83",1972-11-22,"GSWS06",0.00342857142857143,0.368121
"84",1972-11-23,"GSWS06",0.00314285714285714,0.339804
"85",1972-11-24,"GSWS06",0.00285714285714286,0.311487
"86",1972-11-25,"GSWS06",0.00257142857142857,0.613535
"87",1972-11-26,"GSWS06",0.00228571428571429,0.58757775
"88",1972-11-27,"GSWS06",0.002,0.481389
"89",1972-12-20,"GSWS06",0.005,21.510301125
"90",1973-01-10,"GSWS06",0.003,3.539625
"91",1973-01-30,"GSWS06",0.002,4.087087
"92",1973-02-20,"GSWS06",0.006,3.237577
"93",1973-03-12,"GSWS06",0.011,5.182011
"94",1973-04-04,"GSWS06",0,4.0634895
"95",1973-04-24,"GSWS06",0.004,5.323596
"96",1973-05-17,"GSWS06",0,1.472484
"97",1973-06-07,"GSWS06",0.003,0.802315
"98",1973-07-02,"GSWS06",0.006,0.594657
"99",1973-07-27,"GSWS06",0.006,0.29024925
"100",1973-09-06,"GSWS06",0.003,0.173947285714286
"101",1973-09-27,"GSWS06",0.002,0.368121
"102",1973-10-16,"GSWS06",0,0.132146
"103",1973-11-09,"GSWS06",0,22.6243695483871
"104",1973-11-30,"GSWS06",0,24.616912
"105",1973-12-19,"GSWS06",0,26.2923345
"106",1974-01-15,"GSWS06",0,122.857468764706
"107",1974-02-13,"GSWS06",0,7.5747975
"108",1974-03-07,"GSWS06",0,7.76593725
"109",1974-03-28,"GSWS06",0,28.72523675
"110",1974-04-17,"GSWS06",0.002,12.74265
"111",1974-05-07,"GSWS06",0.002,5.09706
"112",1974-05-29,"GSWS06",0,3.199821
"113",1974-06-17,"GSWS06",0,2.520213
"114",1974-07-11,"GSWS06",0,1.189314
"115",1974-07-31,"GSWS06",0,0.707925
"116",1974-08-19,"GSWS06",0.004,0.547462
"117",1974-09-09,"GSWS06",0,0.368121
"118",1974-10-11,"GSWS06",0.001,0.226536
"119",1974-10-12,"GSWS06",0.000923076923076923,0.226536
"120",1974-10-13,"GSWS06",0.000846153846153846,0.226536
"121",1974-10-14,"GSWS06",0.000769230769230769,0.226536
"122",1974-10-15,"GSWS06",0.000692307692307692,0.226536
"123",1974-10-16,"GSWS06",0.000615384615384615,0.226536
"124",1974-10-17,"GSWS06",0.000538461538461538,0.226536
"125",1974-10-18,"GSWS06",0.000461538461538462,0.198219
"126",1974-10-19,"GSWS06",0.000384615384615385,0.198219
"127",1974-10-20,"GSWS06",0.000307692307692308,0.295305857142857
"128",1974-10-21,"GSWS06",0.000230769230769231,0.226536
"129",1974-10-22,"GSWS06",0.000153846153846154,0.226536
"130",1974-10-23,"GSWS06",7.69230769230769e-05,0.198219
"131",1974-10-24,"GSWS06",0,0.198219
"132",1974-11-12,"GSWS06",0,1.057168
"133",1974-12-02,"GSWS06",0.007,6.1561158
"134",1974-12-23,"GSWS06",0.005,17.8556383125
"135",1975-02-04,"GSWS06",0.081,5.21740725
"136",1975-02-25,"GSWS06",0.003,12.1557158181818
"137",1975-05-19,"GSWS06",0.004,4.492964
"138",1975-06-09,"GSWS06",0.001,1.840605
"139",1975-06-30,"GSWS06",0,1.53147775
"140",1975-07-19,"GSWS06",0.001,1.0052535
"141",1975-08-11,"GSWS06",0.002,0.6654495
"142",1975-09-04,"GSWS06",0.002,1.104363
"143",1975-09-29,"GSWS06",0.005,0.632413
"144",1975-09-30,"GSWS06",0.004875,0.622974
"145",1975-10-01,"GSWS06",0.00475,0.622974
"146",1975-10-02,"GSWS06",0.004625,0.622974
"147",1975-10-03,"GSWS06",0.0045,0.758266333333333
"148",1975-10-04,"GSWS06",0.004375,0.7504005
"149",1975-10-05,"GSWS06",0.00425,0.931314666666667
"150",1975-10-06,"GSWS06",0.004125,0.962778
"151",1975-10-07,"GSWS06",0.004,1.15470433333333
"152",1975-10-08,"GSWS06",0.003875,1.1185215
"153",1975-10-09,"GSWS06",0.00375,0.991095
"154",1975-10-10,"GSWS06",0.003625,0.991095
"155",1975-10-11,"GSWS06",0.0035,1.18223475
"156",1975-10-12,"GSWS06",0.003375,1.217631
"157",1975-10-13,"GSWS06",0.00325,1.217631
"158",1975-10-14,"GSWS06",0.003125,1.189314
"159",1975-10-15,"GSWS06",0.003,1.189314
"160",1975-11-06,"GSWS06",0.09,10.4159365
"161",1975-11-25,"GSWS06",0.048,7.617273
"162",1975-12-17,"GSWS06",0.046,6.597861
"163",1976-01-08,"GSWS06",0.035,66.82812
"164",1976-01-28,"GSWS06",0.026,9.5569875
"165",1976-02-19,"GSWS06",0.04,17.188419
"166",1976-03-10,"GSWS06",0.026,5.89701525
"167",1976-03-31,"GSWS06",0.018,9.316293
"168",1976-04-21,"GSWS06",0.029,19.227243
"169",1976-05-13,"GSWS06",0.02,3.0157605
"170",1976-06-04,"GSWS06",0.008,1.500801
"171",1976-07-15,"GSWS06",0.025,0.6937665
"172",1976-08-05,"GSWS06",0.013,0.5238645
"173",1976-08-26,"GSWS06",0.013,0.622974
"174",1976-09-15,"GSWS06",0.013,0.4672305
"175",1976-10-06,"GSWS06",0.003,0.3256455
"176",1976-10-28,"GSWS06",0.008,0.4672305
"177",1976-11-18,"GSWS06",0.045,1.4866425
"178",1976-12-08,"GSWS06",0.022,1.0618875
"179",1976-12-28,"GSWS06",0.031,1.2884235
"180",1977-01-20,"GSWS06",0.079,2.1662505
"181",1977-02-10,"GSWS06",0.047,1.189314
"182",1977-03-03,"GSWS06",0.048,3.2791086
"183",1977-03-23,"GSWS06",0.099,13.205161
"184",1977-04-13,"GSWS06",0.044,9.854316
"185",1977-05-04,"GSWS06",0.03,3.2989305
"186",1977-05-25,"GSWS06",0.055,5.248084
"187",1977-06-15,"GSWS06",0.007,2.661798
"188",1977-07-06,"GSWS06",0,1.1751555
"189",1977-07-28,"GSWS06",0,0.622974
"190",1977-08-17,"GSWS06",0.006,0.3256455
"191",1977-09-08,"GSWS06",0,0.3256455
"192",1977-09-29,"GSWS06",0.001,1.09627242857143
"193",1977-10-19,"GSWS06",0.004,0.906144
"194",1977-11-09,"GSWS06",0.023,7.532322
"195",1977-11-27,"GSWS06",0.03,34.6543446
"196",1977-12-14,"GSWS06",0.022,118.64823
"197",1977-12-15,"GSWS06",0.0226875,69.065163
"198",1977-12-16,"GSWS06",0.023375,38.935875
"199",1977-12-17,"GSWS06",0.0240625,24.484766
"200",1977-12-18,"GSWS06",0.02475,18.075685
"201",1977-12-19,"GSWS06",0.0254375,13.393941
"202",1977-12-20,"GSWS06",0.026125,11.213532
"203",1977-12-21,"GSWS06",0.0268125,9.91095
"204",1977-12-22,"GSWS06",0.0275,8.825465
"205",1977-12-23,"GSWS06",0.0281875,10.618875
"206",1977-12-24,"GSWS06",0.028875,25.372032
"207",1977-12-25,"GSWS06",0.0295625,28.005513
"208",1977-12-26,"GSWS06",0.03025,21.407652
"209",1977-12-27,"GSWS06",0.0309375,16.848615
"210",1977-12-28,"GSWS06",0.031625,13.4930505
"211",1977-12-29,"GSWS06",0.0323125,13.2098805
"212",1977-12-30,"GSWS06",0.033,11.43298875
"213",1977-12-31,"GSWS06",0.0352857142857143,10.47729
"214",1978-01-01,"GSWS06",0.0375714285714286,9.316293
"215",1978-01-02,"GSWS06",0.0398571428571429,8.853782
"216",1978-01-03,"GSWS06",0.0421428571428571,10.109169
"217",1978-01-04,"GSWS06",0.0444285714285714,13.1815635
"218",1978-01-05,"GSWS06",0.0467142857142857,17.2612341428571
"219",1978-01-06,"GSWS06",0.049,21.42888975
"220",1978-01-07,"GSWS06",0.0512857142857143,21.1131552
"221",1978-01-08,"GSWS06",0.0535714285714286,19.60244325
"222",1978-01-09,"GSWS06",0.0558571428571429,18.82372575
"223",1978-01-10,"GSWS06",0.0581428571428571,15.659301
"224",1978-01-11,"GSWS06",0.0604285714285714,14.6034814285714
"225",1978-01-12,"GSWS06",0.0627142857142857,13.299551
"226",1978-01-13,"GSWS06",0.065,12.799284
"227",1978-02-01,"GSWS06",0.023,8.48480290909091
"228",1978-02-23,"GSWS06",0.03,5.040426
"229",1978-03-14,"GSWS06",0.099,2.888334
"230",1978-04-05,"GSWS06",0.005,2.8317
"231",1978-04-27,"GSWS06",0.005,19.180048
"232",1978-05-17,"GSWS06",0.017,9.004806
"233",1978-06-07,"GSWS06",0,2.038824
"234",1978-06-28,"GSWS06",0.001,1.40775942857143
"235",1978-07-19,"GSWS06",0.003,0.6654495
"236",1978-08-09,"GSWS06",0.023,0.4672305
"237",1978-08-31,"GSWS06",0.015,0.481389
"238",1978-09-20,"GSWS06",0.001,1.783971
"239",1978-10-12,"GSWS06",0.007,0.840071
"240",1978-11-01,"GSWS06",0.006,0.538023
"241",1978-12-13,"GSWS06",0.022,18.3635745
"242",1979-01-04,"GSWS06",0.026,3.936063
"243",1979-01-24,"GSWS06",0.034,4.7997315
"244",1979-02-13,"GSWS06",0.007,36.868734
"245",1979-03-07,"GSWS06",0.047,45.958491
"246",1979-03-28,"GSWS06",0.041,4.898841
"247",1979-04-19,"GSWS06",0.03,14.432231
"248",1979-05-10,"GSWS06",0.019,12.544431
"249",1979-05-30,"GSWS06",0.004,2.152092
"250",1979-06-19,"GSWS06",0.001,1.189314
"251",1979-07-11,"GSWS06",0.002,0.6371325
"252",1979-08-01,"GSWS06",0.008,0.38935875
"253",1979-08-23,"GSWS06",0.013,0.311487
"254",1979-09-11,"GSWS06",0.012,0.235975
"255",1979-10-04,"GSWS06",0.016,0.1840605
"256",1979-10-23,"GSWS06",0.011,1.0618875
"257",1979-11-15,"GSWS06",0.004,2.24412225
"258",1979-12-04,"GSWS06",0.007,33.782181
"259",1979-12-27,"GSWS06",0.004,6.371325
"260",1980-01-16,"GSWS06",0.018,30.384141
"261",1980-02-06,"GSWS06",0.017,11.7468355
"262",1980-02-27,"GSWS06",0.012,8.155296
"263",1980-03-18,"GSWS06",0.009,6.41852
"264",1980-04-09,"GSWS06",0.01,22.002309
"265",1980-04-30,"GSWS06",0.005,3.5254665
"266",1980-05-21,"GSWS06",0.003,1.783971
"267",1980-06-10,"GSWS06",0.002,2.038824
"268",1980-07-01,"GSWS06",0.002,1.6848615
"269",1980-07-24,"GSWS06",0.001,1.585752
"270",1980-08-13,"GSWS06",0.003,0.509706
"271",1980-09-03,"GSWS06",0.001,0.4105965
"272",1980-09-24,"GSWS06",0.002,0.28317
"273",1980-10-14,"GSWS06",0.002,0.254853
"274",1980-11-05,"GSWS06",0.002,0.9769365
"275",1980-11-22,"GSWS06",0.004,11.411751
"276",1980-12-17,"GSWS06",0.013,6.9263382
"277",1981-01-06,"GSWS06",0,6.0173625
"278",1981-01-29,"GSWS06",0.003,3.822795
"279",1981-02-18,"GSWS06",0.004,56.687094375
"280",1981-03-11,"GSWS06",0,3.284772
"281",1981-03-31,"GSWS06",0,12.56566875
"282",1981-04-22,"GSWS06",0.002,6.088155
"283",1981-05-12,"GSWS06",0.001,2.095458
"284",1981-06-01,"GSWS06",0,4.275867
"285",1981-06-24,"GSWS06",0.003,4.24755
"286",1981-06-25,"GSWS06",0.003,3.936063
"287",1981-06-26,"GSWS06",0.003,3.652893
"288",1981-06-27,"GSWS06",0.003,3.454674
"289",1981-06-28,"GSWS06",0.003,3.190382
"290",1981-06-29,"GSWS06",0.003,3.001602
"291",1981-06-30,"GSWS06",0.003,2.822261
"292",1981-07-01,"GSWS06",0.003,2.690115
"293",1981-07-02,"GSWS06",0.003,2.501335
"294",1981-07-03,"GSWS06",0.003,2.388067
"295",1981-07-04,"GSWS06",0.003,2.246482
"296",1981-07-05,"GSWS06",0.003,2.208726
"297",1981-07-06,"GSWS06",0.003,2.30912263636364
"298",1981-07-07,"GSWS06",0.003,2.1379335
"299",1981-07-08,"GSWS06",0.003,1.98219
"300",1981-07-09,"GSWS06",0.003,1.897239
"301",1981-08-05,"GSWS06",0.004,0.707925
"302",1981-08-25,"GSWS06",0,0.4389135
"303",1981-09-16,"GSWS06",0.002,0.254853
"304",1981-10-06,"GSWS06",0,1.49913529411765
"305",1981-10-28,"GSWS06",0.002,0.887266
"306",1981-11-17,"GSWS06",0.001,9.2341737
"307",1981-12-08,"GSWS06",0.001,27.778977
"308",1981-12-29,"GSWS06",0.004,13.8328545
"309",1982-01-20,"GSWS06",0.004,6.173106
"310",1982-02-09,"GSWS06",0.002,4.323062
"311",1982-03-02,"GSWS06",0.012,15.55311225
"312",1982-03-23,"GSWS06",0.004,6.748885
"313",1982-04-13,"GSWS06",0.004,36.2544729230769
"314",1982-05-04,"GSWS06",0,4.955475
"315",1982-05-27,"GSWS06",0,1.4300085
"316",1982-06-15,"GSWS06",0.001,0.877827
"317",1982-07-08,"GSWS06",0.001,0.736242
"318",1982-07-27,"GSWS06",0,0.4389135
"319",1982-08-18,"GSWS06",0.001,0.3256455
"320",1982-09-09,"GSWS06",0.008,0.3822795
"321",1982-09-28,"GSWS06",0.002,1.08312525
"322",1982-10-20,"GSWS06",0.004,0.43183425
"323",1982-11-10,"GSWS06",0.001,4.0351725
"324",1982-11-30,"GSWS06",0.001,22.13681475
"325",1982-12-20,"GSWS06",0.004,17.59665575
"326",1983-01-12,"GSWS06",0.006,12.346212
"327",1983-02-03,"GSWS06",0.018,6.0739965
"328",1983-02-23,"GSWS06",0.001,22.625283
"329",1983-03-16,"GSWS06",0.001,15.848081
"330",1983-04-06,"GSWS06",0.001,13.743184
"331",1983-04-26,"GSWS06",0.001,3.2706135
"332",1983-05-18,"GSWS06",0.001,7.843809
"333",1983-06-08,"GSWS06",0.003,1.8264465
"334",1983-06-29,"GSWS06",0.008,1.245948
"335",1983-07-19,"GSWS06",0.008,1.44102066666667
"336",1983-08-11,"GSWS06",0.012,0.8636685
"337",1983-08-31,"GSWS06",0.004,0.809057142857143
"338",1983-09-20,"GSWS06",0.001,0.424755
"339",1983-10-11,"GSWS06",0,0.4021014
"340",1983-11-03,"GSWS06",0.003,1.77183514285714
"341",1983-11-23,"GSWS06",0.004,17.1274285384615
"342",1983-12-14,"GSWS06",0.005,67.120729
"343",1984-01-04,"GSWS06",0.006,29.9990298
"344",1984-01-25,"GSWS06",0.011,23.276574
"345",1984-02-15,"GSWS06",0.013,26.5301973
"346",1984-03-08,"GSWS06",0.014,8.863221
"347",1984-03-29,"GSWS06",0.034,13.52844675
"348",1984-04-18,"GSWS06",0.003,12.063042
"349",1984-05-08,"GSWS06",0.04,9.91095
"350",1984-05-30,"GSWS06",0.07,6.3571665
"351",1984-06-20,"GSWS06",0.025,4.8280485
"352",1984-07-11,"GSWS06",0.004,1.585752
"353",1984-08-01,"GSWS06",0.001,0.8636685
"354",1984-08-21,"GSWS06",0.001,0.453072
"355",1984-09-12,"GSWS06",0.001,0.3256455
"356",1984-10-09,"GSWS06",0.001,0.198219
"357",1984-10-10,"GSWS06",0.001,0.336472588235294
"358",1984-10-11,"GSWS06",0.001,0.481389
"359",1984-10-12,"GSWS06",0.001,1.27313232
"360",1984-10-13,"GSWS06",0.001,0.87074775
"361",1984-10-14,"GSWS06",0.001,0.698486
"362",1984-10-15,"GSWS06",0.001,0.6937665
"363",1984-10-16,"GSWS06",0.001,0.509706
"364",1984-10-17,"GSWS06",0.001,0.453072
"365",1984-10-18,"GSWS06",0.001,0.73860175
"366",1984-10-19,"GSWS06",0.001,1.3818696
"367",1984-10-20,"GSWS06",0.001,0.934461
"368",1984-10-21,"GSWS06",0.001,0.792876
"369",1984-10-22,"GSWS06",0.001,0.707925
"370",1984-10-23,"GSWS06",0.001,0.679608
"371",1984-10-24,"GSWS06",0.001,0.679608
"372",1984-10-25,"GSWS06",0.001,1.79729664705882
"373",1984-11-13,"GSWS06",0.002,32.7825909
"374",1984-12-06,"GSWS06",0.003,6.1872645
"375",1984-12-27,"GSWS06",0.001,4.5165615
"376",1985-01-17,"GSWS06",0.005,4.59443325
"377",1985-02-07,"GSWS06",0.002,3.341406
"378",1985-02-27,"GSWS06",0.005,10.986996
"379",1985-03-19,"GSWS06",0.005,17.5706985
"380",1985-04-10,"GSWS06",0.004,22.6189903333333
"381",1985-05-01,"GSWS06",0.004,8.476222
"382",1985-05-22,"GSWS06",0.008,2.237043
"383",1985-05-23,"GSWS06",0.00766666666666667,2.237043
"384",1985-05-24,"GSWS06",0.00733333333333333,2.180409
"385",1985-05-25,"GSWS06",0.007,2.095458
"386",1985-05-26,"GSWS06",0.00666666666666667,1.953873
"387",1985-05-27,"GSWS06",0.00633333333333333,1.953873
"388",1985-05-28,"GSWS06",0.006,1.9595364
"389",1985-05-29,"GSWS06",0.00566666666666667,1.925556
"390",1985-05-30,"GSWS06",0.00533333333333333,1.9482096
"391",1985-05-31,"GSWS06",0.005,1.91847675
"392",1985-06-01,"GSWS06",0.00466666666666667,1.812288
"393",1985-06-02,"GSWS06",0.00433333333333333,1.670703
"394",1985-06-03,"GSWS06",0.004,1.62114825
"395",1985-06-04,"GSWS06",0.00366666666666667,1.585752
"396",1985-06-05,"GSWS06",0.00333333333333333,2.3899548
"397",1985-06-06,"GSWS06",0.003,5.8492303125
"398",1985-07-11,"GSWS06",0.003,0.91322325
"399",1985-07-30,"GSWS06",0.001,0.610838142857143
"400",1985-08-22,"GSWS06",0.003,0.368121
"401",1985-09-10,"GSWS06",0.003,0.2973285
"402",1985-10-01,"GSWS06",0.002,0.2123775
"403",1985-10-21,"GSWS06",0.001,0.975363333333333
"404",1985-10-22,"GSWS06",0.006,2.123775
"405",1985-10-23,"GSWS06",0.011,2.246482
"406",1985-10-24,"GSWS06",0.016,1.752114375
"407",1985-11-15,"GSWS06",0.009,8.04989383333333
"408",1985-12-04,"GSWS06",0.002,5.5265345
"409",1985-12-05,"GSWS06",0.002,7.419054
"410",1985-12-06,"GSWS06",0.002,18.4296475
"411",1985-12-07,"GSWS06",0.002,23.6042421428571
"412",1985-12-08,"GSWS06",0.002,19.878534
"413",1985-12-09,"GSWS06",0.002,15.1731925
"414",1985-12-10,"GSWS06",0.002,11.156898
"415",1985-12-11,"GSWS06",0.002,9.34461
"416",1985-12-12,"GSWS06",0.002,7.758858
"417",1985-12-13,"GSWS06",0.002,6.767763
"418",1985-12-14,"GSWS06",0.002,6.059838
"419",1985-12-15,"GSWS06",0.002,5.521815
"420",1985-12-16,"GSWS06",0.002,5.10413925
"421",1985-12-17,"GSWS06",0.002,4.738378
"422",1985-12-18,"GSWS06",0.002,4.5731955
"423",1986-01-15,"GSWS06",0.001,9.73790166666667
"424",1986-02-04,"GSWS06",0.008,7.617273
"425",1986-02-27,"GSWS06",0.004,18.6467445
"426",1986-03-18,"GSWS06",0.001,8.30632
"427",1986-04-09,"GSWS06",0.003,3.029919
"428",1986-04-29,"GSWS06",0.002,9.66418757142857
"429",1986-05-20,"GSWS06",0.002,4.445769
"430",1986-06-11,"GSWS06",0.006,1.5432765
"431",1986-07-02,"GSWS06",0,0.877827
"432",1986-07-24,"GSWS06",0.002,0.453072
"433",1986-08-14,"GSWS06",0.001,0.254853
"434",1986-09-04,"GSWS06",0.001,0.141585
"435",1986-09-24,"GSWS06",0,0.9854316
"436",1986-10-17,"GSWS06",0.001,0.481389
"437",1986-11-05,"GSWS06",0.001,1.4554938
"438",1986-11-24,"GSWS06",0.001,36.481735
"439",1986-12-16,"GSWS06",0.001,3.652893
"440",1987-01-06,"GSWS06",0.001,12.45948
"441",1987-01-28,"GSWS06",0.003,26.4433585
"442",1987-02-19,"GSWS06",0.002,11.355117
"443",1987-03-10,"GSWS06",0.001,4.445769
"444",1987-03-31,"GSWS06",0.001,4.8846825
"445",1987-04-22,"GSWS06",0.001,2.293677
"446",1987-05-12,"GSWS06",0.001,1.8547635
"447",1987-06-02,"GSWS06",0.001,1.047729
"448",2002-12-10,"GSWS06",5e-04,0.40651693220339
"449",2003-01-01,"GSWS06",5e-04,17.2573485394737
"450",2003-01-21,"GSWS06",5e-04,4.3683692
"451",2003-02-11,"GSWS06",5e-04,4.71586961538461
"452",2003-03-04,"GSWS06",5e-04,4.3466595
"453",2003-03-26,"GSWS06",5e-04,31.8914002631579
"454",2003-04-15,"GSWS06",5e-04,9.38791835294118
"455",2003-05-06,"GSWS06",5e-04,5.974887
"456",2003-05-28,"GSWS06",5e-04,1.8830805
"457",2003-06-18,"GSWS06",5e-04,0.9401244
"458",2003-07-07,"GSWS06",5e-04,0.453072
"459",2003-07-29,"GSWS06",5e-04,0.169902
"460",2003-08-18,"GSWS06",5e-04,0.084951
"461",2003-09-09,"GSWS06",5e-04,0.309404867647059
"462",2003-10-01,"GSWS06",5e-04,0.056634
"463",2003-10-21,"GSWS06",5e-04,0.0930415714285714
"464",2003-11-13,"GSWS06",5e-04,0.1019412
"465",2003-12-02,"GSWS06",5e-04,5.153694
"466",2003-12-23,"GSWS06",5e-04,8.55375664285714
"467",2004-01-13,"GSWS06",5e-04,16.7482183636364
"468",2004-02-04,"GSWS06",5e-04,12.9736571052632
"469",2004-02-24,"GSWS06",5e-04,10.3445540625
"470",2004-03-16,"GSWS06",5e-04,4.27317014285714
"471",2004-04-07,"GSWS06",5e-04,1.8292782
"472",2004-04-27,"GSWS06",5e-04,4.87181113636364
"473",2004-05-17,"GSWS06",5e-04,2.13670232608696
"474",2004-06-08,"GSWS06",5e-04,4.82432257894737
"475",2004-06-29,"GSWS06",5e-04,1.72991127272727
"476",2004-07-20,"GSWS06",5e-04,0.726803
"477",2004-08-09,"GSWS06",5e-04,0.311487
"478",2004-08-31,"GSWS06",5e-04,0.3284772
"479",2004-09-21,"GSWS06",5e-04,0.5078182
"480",2004-10-13,"GSWS06",5e-04,0.14866425
"481",2004-11-01,"GSWS06",5e-04,0.668023772727273
"482",2004-11-22,"GSWS06",5e-04,0.4587354
"483",2004-12-14,"GSWS06",5e-04,10.0567442837838
"484",2005-01-04,"GSWS06",5e-04,1.91953110638298
"485",2005-01-25,"GSWS06",5e-04,4.8620289
"486",2005-02-15,"GSWS06",0.002,1.925556
"487",2005-03-08,"GSWS06",5e-04,1.529118
"488",2005-03-29,"GSWS06",5e-04,18.1404917926829
"489",2005-04-20,"GSWS06",5e-04,6.8980212
"490",2005-05-10,"GSWS06",5e-04,8.35851211764706
"491",2005-05-31,"GSWS06",5e-04,3.56461058823529
"492",2005-06-21,"GSWS06",5e-04,3.69427938461538
"493",2005-07-11,"GSWS06",5e-04,1.43708775
"494",2005-08-02,"GSWS06",5e-04,0.585218
"495",2005-08-23,"GSWS06",5e-04,0.2463579
"496",2005-09-12,"GSWS06",5e-04,0.1585752
"497",2005-10-05,"GSWS06",5e-04,0.1330899
"498",2005-10-25,"GSWS06",0.002,0.0975363333333333
"499",2005-11-15,"GSWS06",5e-04,5.49051726315789
"500",2005-12-07,"GSWS06",5e-04,3.62053071428571
"501",2005-12-27,"GSWS06",5e-04,30.9683654210526
"502",2006-01-18,"GSWS06",5e-04,35.6937490843373
"503",2006-02-08,"GSWS06",5e-04,13.1411106428571
"504",2006-02-27,"GSWS06",5e-04,6.75588812903226
"505",2006-03-20,"GSWS06",5e-04,3.4782715
"506",2006-04-11,"GSWS06",5e-04,8.938733
"507",2006-05-01,"GSWS06",5e-04,3.04812278571429
"508",2006-05-23,"GSWS06",5e-04,1.53316328571429
"509",2006-06-12,"GSWS06",5e-04,1.5999105
"510",2006-07-05,"GSWS06",5e-04,0.877827
"511",2006-07-25,"GSWS06",5e-04,0.3840493125
"512",2006-08-15,"GSWS06",5e-04,0.162179181818182
"513",2006-09-06,"GSWS06",5e-04,0.056634
"514",2006-09-26,"GSWS06",5e-04,0.056634
"515",2006-10-17,"GSWS06",5e-04,0.0792876
"516",2006-11-06,"GSWS06",5e-04,3.33638779746835
"517",2006-11-27,"GSWS06",5e-04,14.8348901590909
"518",2006-12-19,"GSWS06",5e-04,10.6515011086957
"519",2007-01-09,"GSWS06",5e-04,16.3464602
"520",2007-01-30,"GSWS06",5e-04,3.530186
"521",2007-02-20,"GSWS06",5e-04,17.6493233617021
"522",2007-03-14,"GSWS06",5e-04,18.8028026333333
"523",2007-04-04,"GSWS06",5e-04,3.23902915384615
"524",2007-04-23,"GSWS06",5e-04,4.866984375
"525",2007-05-16,"GSWS06",5e-04,1.60214605263158
"526",2007-06-04,"GSWS06",5e-04,0.919919837837838
"527",2007-06-27,"GSWS06",5e-04,0.493524857142857
"528",2007-07-18,"GSWS06",5e-04,0.374413666666667
"529",2007-08-06,"GSWS06",5e-04,0.113268
"530",2007-08-27,"GSWS06",5e-04,0.0654830625
"531",2007-09-18,"GSWS06",5e-04,0.028317
"532",2007-10-09,"GSWS06",5e-04,0.0651291
"533",2007-10-31,"GSWS06",5e-04,0.922325142857143
"534",2007-11-20,"GSWS06",5e-04,16.9597284456522
"535",2007-12-11,"GSWS06",5e-04,8.00136769230769
"536",2008-01-03,"GSWS06",5e-04,5.1933378
"537",2008-01-23,"GSWS06",5e-04,5.550132
"538",2008-02-13,"GSWS06",5e-04,4.59544457142857
"539",2008-03-05,"GSWS06",5e-04,11.0969325882353
"540",2008-03-26,"GSWS06",5e-04,10.9926594
"541",2008-04-15,"GSWS06",5e-04,19.71571125
"542",2008-05-08,"GSWS06",5e-04,19.4673219130435
"543",2008-05-27,"GSWS06",5e-04,7.15984453846154
"544",2008-06-17,"GSWS06",5e-04,3.71559492857143
"545",2008-07-09,"GSWS06",5e-04,1.142119
"546",2008-07-29,"GSWS06",5e-04,0.562800375
"547",2008-08-20,"GSWS06",5e-04,0.858833890243902
"548",2008-09-09,"GSWS06",5e-04,0.130693846153846
"549",2008-09-29,"GSWS06",5e-04,0.047195
"550",2008-10-22,"GSWS06",0.002,0.084951
"551",2008-11-11,"GSWS06",5e-04,4.61450728767123
"552",2008-12-01,"GSWS06",5e-04,1.27609190322581
"553",2008-12-23,"GSWS06",5e-04,1.9142292
"554",2009-01-14,"GSWS06",5e-04,12.714333
"555",2009-02-04,"GSWS06",5e-04,5.128916625
"556",2009-02-25,"GSWS06",5e-04,24.1361972142857
"557",2009-03-18,"GSWS06",5e-04,9.316293
"558",2009-04-06,"GSWS06",5e-04,12.4490474210526
"559",2009-04-29,"GSWS06",5e-04,3.07947375
"560",2009-05-20,"GSWS06",5e-04,4.98814846153846
"561",2009-06-08,"GSWS06",5e-04,1.518499125
"562",2009-07-01,"GSWS06",5e-04,0.725623125
"563",2009-07-21,"GSWS06",5e-04,0.327668142857143
"564",2009-08-11,"GSWS06",5e-04,0.169902
"565",2009-09-01,"GSWS06",5e-04,0.0511884230769231
"566",2009-09-24,"GSWS06",5e-04,0.028317
"567",2009-10-13,"GSWS06",5e-04,0.596259849056604
"568",2009-11-04,"GSWS06",5e-04,0.1755654
"569",2009-11-23,"GSWS06",5e-04,3.88160723076923
"570",2009-12-16,"GSWS06",5e-04,15.3804572083333
"571",2010-01-04,"GSWS06",0.002,19.1023696721311
"572",2010-01-27,"GSWS06",5e-04,5.83983669230769
"573",2010-02-17,"GSWS06",5e-04,7.08194685714286
"574",2010-03-08,"GSWS06",5e-04,2.96923971428571
"575",2010-03-30,"GSWS06",5e-04,28.2087036870229
"576",2010-04-20,"GSWS06",5e-04,8.24113190625
"577",2010-05-12,"GSWS06",5e-04,4.96047211764706
"578",2010-06-02,"GSWS06",5e-04,26.9963066192893
"579",2010-06-23,"GSWS06",0.003,2.96457207692308
"580",2010-07-13,"GSWS06",5e-04,1.208192
"581",2010-08-02,"GSWS06",0.002,0.509706
"582",2010-08-26,"GSWS06",5e-04,0.169902
"583",2010-09-14,"GSWS06",5e-04,0.113268
"584",2010-10-05,"GSWS06",5e-04,0.084951
"585",2010-10-26,"GSWS06",5e-04,1.4507743
"586",2010-11-16,"GSWS06",5e-04,3.71964021428571
"587",2010-12-08,"GSWS06",5e-04,15.8329954553571
"588",2010-12-29,"GSWS06",5e-04,36.1954467589286
"589",2011-01-19,"GSWS06",5e-04,23.8276419101124
"590",2011-02-08,"GSWS06",5e-04,2.4777375
"591",2011-03-02,"GSWS06",5e-04,4.85386694117647
"592",2011-03-22,"GSWS06",5e-04,9.50642142857143
"593",2011-04-12,"GSWS06",5e-04,9.39975363157895
"594",2011-05-01,"GSWS06",0.002,9.48362072727273
"595",2011-05-26,"GSWS06",5e-04,3.32141752941176
"596",2011-06-15,"GSWS06",5e-04,2.7410856
"597",2011-07-06,"GSWS06",5e-04,1.1657165
"598",2011-07-25,"GSWS06",5e-04,0.622974
"599",2011-08-16,"GSWS06",5e-04,0.2746749
"600",2011-09-06,"GSWS06",5e-04,0.0871292307692308
"601",2011-09-28,"GSWS06",5e-04,0.056634
"602",2011-10-18,"GSWS06",0.009,0.084951
"603",2011-11-09,"GSWS06",5e-04,0.0622974
"604",2011-11-30,"GSWS06",5e-04,2.45649975
"605",2011-12-21,"GSWS06",5e-04,0.739781625
"606",2012-01-11,"GSWS06",5e-04,3.42028907142857
"607",2012-02-01,"GSWS06",5e-04,16.7976444
"608",2012-02-22,"GSWS06",0.002,22.3867820704225
"609",2012-03-12,"GSWS06",0.002,12.27984403125
"610",2012-04-04,"GSWS06",5e-04,15.8824659285714
"611",2012-04-25,"GSWS06",5e-04,9.92831776
"612",2012-05-16,"GSWS06",5e-04,3.03472015224913
"613",2012-06-06,"GSWS06",5e-04,2.60378747916667
"614",2012-06-26,"GSWS06",5e-04,3.01845502422145
"615",2012-07-17,"GSWS06",5e-04,1.31884712802768
"616",2012-08-07,"GSWS06",5e-04,0.552869760416667
"617",2012-08-28,"GSWS06",5e-04,0.2176869375
"618",2012-09-18,"GSWS06",5e-04,0.0738405104166667
"619",2012-10-08,"GSWS06",5e-04,0.056634
"620",2012-10-30,"GSWS06",5e-04,2.14884734375
"621",2012-11-20,"GSWS06",5e-04,36.1600224166667
"622",2012-12-11,"GSWS06",5e-04,10.1408289791667
"623",2013-01-02,"GSWS06",5e-04,3.91944642708333
"624",2013-01-22,"GSWS06",5e-04,11.0129614152249
"625",2013-02-12,"GSWS06",5e-04,7.0066876875
"626",2013-03-05,"GSWS06",5e-04,11.5405540208333
"627",2013-03-27,"GSWS06",5e-04,6.3479071349481
"628",2013-04-16,"GSWS06",5e-04,6.22236578125
"629",2013-05-08,"GSWS06",0.002,1.82044880208333
"630",2013-05-29,"GSWS06",5e-04,4.12946417708333
"631",2013-06-19,"GSWS06",5e-04,1.36491872916667
"632",2013-07-09,"GSWS06",5e-04,0.741649760416667
"633",2013-07-30,"GSWS06",5e-04,0.298115083333333
"634",2013-08-20,"GSWS06",5e-04,0.125165072916667
"635",2013-09-10,"GSWS06",5e-04,0.0689243645833333
"636",2013-10-01,"GSWS06",5e-04,5.5483621875
"637",2013-10-23,"GSWS06",5e-04,0.8542295
"638",2013-11-13,"GSWS06",5e-04,1.5072903125
"639",2013-12-03,"GSWS06",5e-04,6.936485125
"640",2013-12-22,"GSWS06",5e-04,2.17372304166667
"641",2014-01-15,"GSWS06",0.002,10.6488634895833
"642",2014-02-06,"GSWS06",0.003,3.677670375
"643",2014-02-25,"GSWS06",5e-04,11.8572521354167
"644",2014-03-20,"GSWS06",5e-04,5.08919416666667
"645",2014-04-09,"GSWS06",5e-04,8.42047290625
"646",2014-04-30,"GSWS06",5e-04,10.36903646875
"647",2014-05-21,"GSWS06",5e-04,3.6086476875
"648",2014-06-11,"GSWS06",5e-04,1.13966092708333
"649",2014-07-02,"GSWS06",5e-04,0.716085802083333
"650",2014-07-22,"GSWS06",5e-04,0.349439645833333
"651",2014-08-12,"GSWS06",5e-04,0.141585
"652",2014-09-03,"GSWS06",5e-04,0.056634
"653",2014-09-23,"GSWS06",5e-04,0.0715790833333333
"654",2014-10-14,"GSWS06",5e-04,0.0944883229166667
"655",2014-11-04,"GSWS06",5e-04,1.61682204166667
"656",2014-11-25,"GSWS06",5e-04,8.9346034375
"657",2014-12-16,"GSWS06",5e-04,4.55156445833333
"658",2015-01-06,"GSWS06",5e-04,5.73291430208333
"659",2015-01-26,"GSWS06",5e-04,4.91447434375
"660",2015-02-19,"GSWS06",5e-04,4.1195335625
"661",2015-03-11,"GSWS06",5e-04,1.32863757291667
"662",2015-04-01,"GSWS06",5e-04,2.9591265
"663",2015-04-22,"GSWS06",5e-04,2.02083090625
"664",2015-05-13,"GSWS06",5e-04,1.01380759375
"665",2015-06-02,"GSWS06",5e-04,0.595443583333333
"666",2015-06-22,"GSWS06",5e-04,0.287791177083333
"667",2015-07-14,"GSWS06",5e-04,0.140306802083333
"668",2015-08-04,"GSWS06",5e-04,0.028317
"669",2015-08-24,"GSWS06",5e-04,0
"670",2015-09-14,"GSWS06",5e-04,0.00452285416666667
"671",2015-10-06,"GSWS06",5e-04,0.0346096666666667
"672",2015-10-27,"GSWS06",5e-04,0.0332331458333333
"673",2015-11-17,"GSWS06",5e-04,3.875889375
"674",2015-12-07,"GSWS06",5e-04,38.4452436458333
"675",2015-12-30,"GSWS06",5e-04,5.10571241666667
"676",2016-01-20,"GSWS06",5e-04,32.275480625
"677",2016-02-10,"GSWS06",5e-04,10.33717984375
"678",2016-02-29,"GSWS06",5e-04,5.29095279166667
"679",2016-03-22,"GSWS06",5e-04,19.5836635729167
"680",2016-04-13,"GSWS06",5e-04,2.53358491666667
"681",2016-05-04,"GSWS06",5e-04,1.91837842708333
"682",2016-05-25,"GSWS06",5e-04,0.973003583333333
"683",2016-06-15,"GSWS06",5e-04,0.546970385416667
"684",2016-07-06,"GSWS06",5e-04,0.236761583333333
"685",2016-07-27,"GSWS06",5e-04,0.116905947916667
"686",2016-08-17,"GSWS06",5e-04,0.028317
"687",2016-09-07,"GSWS06",5e-04,0.028317
"688",2016-09-28,"GSWS06",5e-04,0.028317
"689",2016-10-19,"GSWS06",5e-04,5.89082090625
"690",2016-11-10,"GSWS06",5e-04,2.10568358333333
"691",2016-11-30,"GSWS06",5e-04,15.0888314375
"692",2016-12-21,"GSWS06",5e-04,19.8566079895833
"693",2017-01-11,"GSWS06",5e-04,7.97025227083333
"694",2017-02-01,"GSWS06",5e-04,6.65695307291667
"695",2017-02-22,"GSWS06",5e-04,13.6009107395833
"696",2017-03-15,"GSWS06",5e-04,33.84441940625
"697",2017-04-05,"GSWS06",5e-04,7.40745189583333
"698",2017-04-26,"GSWS06",5e-04,25.57939503125
"699",2017-05-17,"GSWS06",5e-04,5.93015007291667
"700",2017-06-07,"GSWS06",5e-04,1.64749879166667
"701",2017-06-28,"GSWS06",5e-04,0.84803515625
"702",2017-07-18,"GSWS06",5e-04,0.352880947916667
"703",2017-08-07,"GSWS06",5e-04,0.127328177083333
"704",2017-08-30,"GSWS06",5e-04,0.03156165625
"705",2017-09-20,"GSWS06",5e-04,0.8825465
"706",2017-10-10,"GSWS06",5e-04,0.06813778125
"707",2017-11-01,"GSWS06",5e-04,1.57886939583333
"708",2017-11-21,"GSWS06",5e-04,30.2592708958333
"709",2017-12-13,"GSWS06",5e-04,2.78440667708333
"710",2018-01-03,"GSWS06",5e-04,6.93481363541667
"711",2018-01-23,"GSWS06",5e-04,12.8159988958333
"712",2018-02-14,"GSWS06",5e-04,3.11172366666667
"713",2018-03-06,"GSWS06",5e-04,2.40743661458333
"714",2018-03-28,"GSWS06",5e-04,6.49009908333333
"715",2018-04-18,"GSWS06",5e-04,13.69628396875
"716",2018-05-09,"GSWS06",5e-04,1.88701341666667
"717",2018-05-30,"GSWS06",5e-04,0.77370303125
"718",2018-06-19,"GSWS06",5e-04,0.446189395833333
"719",2018-07-10,"GSWS06",5e-04,0.210116072916667
"720",2018-07-30,"GSWS06",5e-04,0.0665646145833333
"721",2018-08-22,"GSWS06",5e-04,0.00786583333333333
"722",2018-09-12,"GSWS06",5e-04,0.00550608333333333
"723",2018-10-03,"GSWS06",5e-04,0.0119953958333333
"724",2018-10-23,"GSWS06",5e-04,0.00737421875
"725",2018-11-14,"GSWS06",5e-04,0.028317
"726",2018-12-05,"GSWS06",5e-04,0.33744425
"727",2018-12-28,"GSWS06",5e-04,7.97821642708333
"728",2019-01-15,"GSWS06",5e-04,3.73577921875
"729",2019-02-06,"GSWS06",5e-04,2.78597984375
"730",2019-03-20,"GSWS06",5e-04,15.68555321875
"731",2019-04-10,"GSWS06",5e-04,40.437855875
"732",2019-04-30,"GSWS06",5e-04,2.64754117708333
"733",2019-05-22,"GSWS06",5e-04,0.93298615625
"734",1971-10-26,"GSWS08",0,1.86184275
"735",1971-11-15,"GSWS08",0,6.201423
"736",1971-11-16,"GSWS08",0.000125,6.1023135
"737",1971-11-17,"GSWS08",0.00025,5.804985
"738",1971-11-18,"GSWS08",0.000375,5.4510225
"739",1971-11-19,"GSWS08",5e-04,5.98702285714286
"740",1971-11-20,"GSWS08",0.000625,7.2264984
"741",1971-11-21,"GSWS08",0.00075,7.098128
"742",1971-11-22,"GSWS08",0.000875,6.3939786
"743",1971-11-23,"GSWS08",0.001,9.53777239285714
"744",1971-11-24,"GSWS08",0.001125,12.9363978947368
"745",1971-11-25,"GSWS08",0.00125,41.1797827272727
"746",1971-11-26,"GSWS08",0.001375,100.780805489362
"747",1971-11-27,"GSWS08",0.0015,63.8328106666667
"748",1971-11-28,"GSWS08",0.001625,64.5588542068966
"749",1971-11-29,"GSWS08",0.00175,54.9437680344828
"750",1971-11-30,"GSWS08",0.001875,38.085185125
"751",1971-12-01,"GSWS08",0.002,25.5619224705882
"752",1971-12-22,"GSWS08",0,7.18543875
"753",1972-01-18,"GSWS08",0,61.9634046153846
"754",1972-01-19,"GSWS08",2e-04,89.4396735454545
"755",1972-01-20,"GSWS08",4e-04,218.156479591837
"756",1972-01-21,"GSWS08",6e-04,122.33085585
"757",1972-01-22,"GSWS08",8e-04,71.7068650645161
"758",1972-01-23,"GSWS08",0.001,49.0122558947368
"759",1972-01-24,"GSWS08",0.0012,31.4864813571429
"760",1972-01-25,"GSWS08",0.0014,23.0720623333333
"761",1972-01-26,"GSWS08",0.0016,19.246121
"762",1972-01-27,"GSWS08",0.0018,16.669274
"763",1972-01-28,"GSWS08",0.002,14.1349025
"764",1972-01-29,"GSWS08",0.0022,11.8412255
"765",1972-01-30,"GSWS08",0.0024,9.8873525
"766",1972-01-31,"GSWS08",0.0026,8.1128205
"767",1972-02-01,"GSWS08",0.0028,6.39559671428571
"768",1972-02-02,"GSWS08",0.003,4.61162571428571
"769",1972-03-08,"GSWS08",0,29.4445314545455
"770",1972-03-30,"GSWS08",0,7.400176
"771",1972-04-18,"GSWS08",0,7.7815116
"772",1972-05-08,"GSWS08",0,12.997503
"773",1972-05-30,"GSWS08",0,4.398574
"774",1972-06-19,"GSWS08",0.001,1.302582
"775",1972-07-10,"GSWS08",0,0.604096
"776",1972-07-31,"GSWS08",0.001,0.2406945
"777",1972-08-01,"GSWS08",0.000933333333333333,0.226536
"778",1972-08-02,"GSWS08",0.000866666666666667,0.226536
"779",1972-08-03,"GSWS08",8e-04,0.198219
"780",1972-08-04,"GSWS08",0.000733333333333333,0.198219
"781",1972-08-05,"GSWS08",0.000666666666666667,0.169902
"782",1972-08-06,"GSWS08",6e-04,0.169902
"783",1972-08-07,"GSWS08",0.000533333333333333,0.141585
"784",1972-08-08,"GSWS08",0.000466666666666667,0.141585
"785",1972-08-09,"GSWS08",4e-04,0.141585
"786",1972-08-10,"GSWS08",0.000333333333333333,0.141585
"787",1972-08-11,"GSWS08",0.000266666666666667,0.122707
"788",1972-08-12,"GSWS08",2e-04,0.1274265
"789",1972-08-13,"GSWS08",0.000133333333333333,0.122707
"790",1972-08-14,"GSWS08",6.66666666666667e-05,0.122707
"791",1972-08-15,"GSWS08",0,0.151024
"792",1972-09-05,"GSWS08",0,0.056634
"793",1972-09-25,"GSWS08",0.001,0.5323596
"794",1972-10-20,"GSWS08",0.005,0.113268
"795",1972-11-13,"GSWS08",0.005,0.89906475
"796",1972-11-14,"GSWS08",0.00464285714285714,0.736242
"797",1972-11-15,"GSWS08",0.00428571428571429,0.6088155
"798",1972-11-16,"GSWS08",0.00392857142857143,0.538023
"799",1972-11-17,"GSWS08",0.00357142857142857,0.519145
"800",1972-11-18,"GSWS08",0.00321428571428571,0.6371325
"801",1972-11-19,"GSWS08",0.00285714285714286,0.594657
"802",1972-11-20,"GSWS08",0.0025,0.4955475
"803",1972-11-21,"GSWS08",0.00214285714285714,0.56634
"804",1972-11-22,"GSWS08",0.00178571428571429,0.5238645
"805",1972-11-23,"GSWS08",0.00142857142857143,0.481389
"806",1972-11-24,"GSWS08",0.00107142857142857,0.424755
"807",1972-11-25,"GSWS08",0.000714285714285714,1.3450575
"808",1972-11-26,"GSWS08",0.000357142857142857,1.54125385714286
"809",1972-11-27,"GSWS08",0,1.057168
"810",1972-12-20,"GSWS08",0,44.8853743448276
"811",1973-01-10,"GSWS08",0,4.31227457142857
"812",1973-01-30,"GSWS08",0.002,4.5165615
"813",1973-02-20,"GSWS08",0.002,4.502403
"814",1973-03-12,"GSWS08",0,8.891538
"815",1973-04-04,"GSWS08",0,6.295813
"816",1973-04-24,"GSWS08",0.005,8.689779375
"817",1973-05-17,"GSWS08",0,1.670703
"818",1973-06-07,"GSWS08",0.001,1.019412
"819",1973-07-02,"GSWS08",0.002,0.896705
"820",1973-07-27,"GSWS08",0.002,0.36104175
"821",1973-09-06,"GSWS08",0.003,0.342378272727273
"822",1973-09-27,"GSWS08",0.002,0.84243075
"823",1973-10-16,"GSWS08",0,0.2406945
"824",1973-11-09,"GSWS08",0.002,50.4060298125
"825",1973-11-30,"GSWS08",0,31.0145668421053
"826",1973-12-19,"GSWS08",0,33.0702107142857
"827",1974-01-15,"GSWS08",0,161.621366459016
"828",1974-02-13,"GSWS08",0,10.618875
"829",1974-03-07,"GSWS08",0,6.39256275
"830",1974-03-28,"GSWS08",0,34.0426974
"831",1974-04-17,"GSWS08",0.002,18.7571808
"832",1974-05-07,"GSWS08",0.003,26.2700854285714
"833",1974-05-29,"GSWS08",0,8.77827
"834",1974-06-17,"GSWS08",0,3.152626
"835",1974-07-11,"GSWS08",0,1.245948
"836",1974-07-31,"GSWS08",0,0.4757256
"837",1974-08-19,"GSWS08",0.002,0.509706
"838",1974-09-09,"GSWS08",0,0.18878
"839",1974-10-12,"GSWS08",0,0.028317
"840",1974-10-13,"GSWS08",0,0.028317
"841",1974-10-14,"GSWS08",0,0.028317
"842",1974-10-15,"GSWS08",0,0.028317
"843",1974-10-16,"GSWS08",0,0.028317
"844",1974-10-17,"GSWS08",0,0.028317
"845",1974-10-18,"GSWS08",0,0.028317
"846",1974-10-19,"GSWS08",0,0.028317
"847",1974-10-20,"GSWS08",0,0.164753454545455
"848",1974-10-21,"GSWS08",0,0.09439
"849",1974-10-22,"GSWS08",0,0.056634
"850",1974-10-23,"GSWS08",0,0.056634
"851",1974-10-24,"GSWS08",0,0.037756
"852",1975-06-09,"GSWS08",0,1.6565445
"853",1975-06-30,"GSWS08",0,1.92040745454545
"854",1975-07-19,"GSWS08",0.001,0.538023
"855",1975-08-11,"GSWS08",0,0.2406945
"856",1975-09-04,"GSWS08",0,0.29024925
"857",1975-09-29,"GSWS08",0.003,0.084951
"858",1975-09-30,"GSWS08",0.002875,0.084951
"859",1975-10-01,"GSWS08",0.00275,0.084951
"860",1975-10-02,"GSWS08",0.002625,0.084951
"861",1975-10-03,"GSWS08",0.0025,0.47902925
"862",1975-10-04,"GSWS08",0.002375,0.392392714285714
"863",1975-10-05,"GSWS08",0.00225,1.01683772727273
"864",1975-10-06,"GSWS08",0.002125,0.554204142857143
"865",1975-10-07,"GSWS08",0.002,1.3922525
"866",1975-10-08,"GSWS08",0.001875,0.5804985
"867",1975-10-09,"GSWS08",0.00175,0.349243
"868",1975-10-10,"GSWS08",0.001625,0.311487
"869",1975-10-11,"GSWS08",0.0015,0.8731075
"870",1975-10-12,"GSWS08",0.001375,0.424755
"871",1975-10-13,"GSWS08",0.00125,0.339804
"872",1975-10-14,"GSWS08",0.001125,0.28317
"873",1975-10-15,"GSWS08",0.001,0.2973285
"874",1975-11-06,"GSWS08",0,12.5753222727273
"875",1975-11-25,"GSWS08",0.011,9.3965245
"876",1975-12-17,"GSWS08",0.011,10.04545575
"877",1976-01-08,"GSWS08",0.004,80.17250625
"878",1976-01-28,"GSWS08",0.008,12.431163
"879",1976-02-19,"GSWS08",0.005,16.1204635714286
"880",1976-03-10,"GSWS08",0.01,6.427959
"881",1976-03-31,"GSWS08",0.013,8.98356825
"882",1976-04-21,"GSWS08",0.005,18.61134825
"883",1976-05-13,"GSWS08",0.001,6.201423
"884",1976-06-04,"GSWS08",0.005,1.868922
"885",1976-06-24,"GSWS08",0.001,0.9486195
"886",1976-07-15,"GSWS08",0,0.622974
"887",1976-08-05,"GSWS08",0.001,0.3822795
"888",1976-08-26,"GSWS08",0.001,0.5238645
"889",1976-09-15,"GSWS08",0.001,0.302048
"890",1976-10-06,"GSWS08",0.001,0.141585
"891",1976-10-28,"GSWS08",0.004,0.2973285
"892",1976-11-18,"GSWS08",0.001,0.707925
"893",1976-12-08,"GSWS08",0.002,0.416664428571429
"894",1976-12-28,"GSWS08",0.004,0.594657
"895",1977-01-20,"GSWS08",0.006,0.821193
"896",1977-02-10,"GSWS08",0.003,0.28317
"897",1977-03-03,"GSWS08",0,1.472484
"898",1977-03-23,"GSWS08",0.004,6.399642
"899",1977-04-13,"GSWS08",0.016,16.34598825
"900",1977-05-04,"GSWS08",0,7.31387657142857
"901",1977-05-25,"GSWS08",0,7.330563375
"902",1977-06-15,"GSWS08",0,2.54853
"903",1977-07-07,"GSWS08",0.001,1.1185215
"904",1977-07-28,"GSWS08",0,0.5238645
"905",1977-08-17,"GSWS08",0.004,0.1557435
"906",1977-09-08,"GSWS08",0,0.254853
"907",1977-09-29,"GSWS08",0,2.39480914285714
"908",1977-10-19,"GSWS08",0.001,0.424755
"909",1977-11-09,"GSWS08",0.004,4.747817
"910",1977-11-27,"GSWS08",0,49.281019
"911",1977-12-14,"GSWS08",0.004,154.246030411765
"912",1977-12-15,"GSWS08",0.003875,78.2172174
"913",1977-12-16,"GSWS08",0.00375,47.28939
"914",1977-12-17,"GSWS08",0.003625,26.561346
"915",1977-12-18,"GSWS08",0.0035,20.5156665
"916",1977-12-19,"GSWS08",0.003375,13.677111
"917",1977-12-20,"GSWS08",0.00325,11.91437775
"918",1977-12-21,"GSWS08",0.003125,10.13040675
"919",1977-12-22,"GSWS08",0.003,8.636685
"920",1977-12-23,"GSWS08",0.002875,14.2830948
"921",1977-12-24,"GSWS08",0.00275,30.87260925
"922",1977-12-25,"GSWS08",0.002625,28.571853
"923",1977-12-26,"GSWS08",0.0025,21.464286
"924",1977-12-27,"GSWS08",0.002375,17.386638
"925",1977-12-28,"GSWS08",0.00225,14.469987
"926",1977-12-29,"GSWS08",0.002125,14.6540475
"927",1977-12-30,"GSWS08",0.002,13.0682955
"928",1977-12-31,"GSWS08",0.00221428571428571,11.100264
"929",1978-01-01,"GSWS08",0.00242857142857143,9.684414
"930",1978-01-02,"GSWS08",0.00264285714285714,9.84723675
"931",1978-01-03,"GSWS08",0.00285714285714286,13.4537213333333
"932",1978-01-04,"GSWS08",0.00307142857142857,15.715935
"933",1978-01-05,"GSWS08",0.00328571428571429,17.715823125
"934",1978-01-06,"GSWS08",0.0035,22.908453
"935",1978-01-07,"GSWS08",0.00371428571428571,20.52274575
"936",1978-01-08,"GSWS08",0.00392857142857143,19.453779
"937",1978-01-09,"GSWS08",0.00414285714285714,18.1653555
"938",1978-01-10,"GSWS08",0.00435714285714286,16.593762
"939",1978-01-11,"GSWS08",0.00457142857142857,16.2571043333333
"940",1978-01-12,"GSWS08",0.00478571428571429,15.687618
"941",1978-01-13,"GSWS08",0.005,14.715401
"942",1978-02-01,"GSWS08",0.004,12.1174977692308
"943",1978-02-23,"GSWS08",0,5.1395355
"944",1978-03-14,"GSWS08",0,3.228138
"945",1978-04-05,"GSWS08",0,3.43849285714286
"946",1978-04-27,"GSWS08",0.005,24.890643
"947",1978-05-17,"GSWS08",0.001,10.8878865
"948",1978-06-07,"GSWS08",0,2.095458
"949",1978-06-28,"GSWS08",0.003,2.304295875
"950",1978-07-19,"GSWS08",0,0.8919855
"951",1978-08-09,"GSWS08",0.005,0.4105965
"952",1978-08-31,"GSWS08",0.001,0.679608
"953",1978-09-20,"GSWS08",0.078,1.7414955
"954",1978-10-12,"GSWS08",0,0.5521815
"955",1978-11-01,"GSWS08",0,0.396438
"956",1978-11-20,"GSWS08",0.001,1.916117
"957",1978-12-13,"GSWS08",0.004,18.094563
"958",1979-01-04,"GSWS08",0.003,3.4121985
"959",1979-01-24,"GSWS08",0.001,4.955475
"960",1979-02-13,"GSWS08",0.001,53.858934
"961",1979-03-07,"GSWS08",0.002,49.6821765
"962",1979-03-28,"GSWS08",0.001,6.89047
"963",1979-04-19,"GSWS08",0.002,14.941937
"964",1979-05-10,"GSWS08",0.001,15.262863
"965",1979-05-30,"GSWS08",0.002,1.897239
"966",1979-06-19,"GSWS08",0,1.019412
"967",1979-07-11,"GSWS08",0.001,0.4389135
"968",1979-08-01,"GSWS08",0.001,0.2406945
"969",1979-08-23,"GSWS08",0.001,0.1557435
"970",1979-09-11,"GSWS08",0.002,0.226536
"971",1979-10-04,"GSWS08",0.001,0.084951
"972",1979-10-23,"GSWS08",0.001,1.26718575
"973",1979-11-15,"GSWS08",0.003,0.981656
"974",1979-12-04,"GSWS08",0.005,38.09344425
"975",1979-12-27,"GSWS08",0.004,5.38023
"976",1980-01-16,"GSWS08",0.002,40.3205763
"977",1980-02-06,"GSWS08",0.005,16.3591354285714
"978",1980-02-27,"GSWS08",0.001,9.15583
"979",1980-03-18,"GSWS08",0.003,6.431498625
"980",1980-04-09,"GSWS08",0,20.7705195
"981",1980-04-30,"GSWS08",0,4.5448785
"982",1980-05-21,"GSWS08",0.001,1.6933566
"983",1980-06-10,"GSWS08",0,2.944968
"984",1980-07-01,"GSWS08",0,2.067141
"985",1980-08-13,"GSWS08",0,0.453072
"986",1980-09-03,"GSWS08",0.001,0.28317
"987",1980-09-24,"GSWS08",0.001,0.226536
"988",1980-10-14,"GSWS08",0,0.2973285
"989",1980-11-05,"GSWS08",0.001,2.5117179
"990",1980-11-22,"GSWS08",0,12.9570501428571
"991",1980-12-17,"GSWS08",0,9.372927
"992",1981-01-06,"GSWS08",0.002,5.6634
"993",1981-01-29,"GSWS08",0,3.567942
"994",1981-02-18,"GSWS08",0,72.85256175
"995",1981-03-11,"GSWS08",0.001,3.1290285
"996",1981-03-31,"GSWS08",0,14.27884725
"997",1981-04-22,"GSWS08",0,10.448973
"998",1981-05-12,"GSWS08",0,2.4211035
"999",1981-06-01,"GSWS08",0,4.389135
"1000",1981-06-24,"GSWS08",0.001,4.634549
"1001",1981-06-25,"GSWS08",0.000933333333333333,4.332501
"1002",1981-06-26,"GSWS08",0.000866666666666667,4.134282
"1003",1981-06-27,"GSWS08",8e-04,3.936063
"1004",1981-06-28,"GSWS08",0.000733333333333333,3.709527
"1005",1981-06-29,"GSWS08",0.000666666666666667,3.511308
"1006",1981-06-30,"GSWS08",6e-04,3.341406
"1007",1981-07-01,"GSWS08",0.000533333333333333,3.11487
"1008",1981-07-02,"GSWS08",0.000466666666666667,2.944968
"1009",1981-07-03,"GSWS08",4e-04,2.775066
"1010",1981-07-04,"GSWS08",0.000333333333333333,2.605164
"1011",1981-07-05,"GSWS08",0.000266666666666667,2.463579
"1012",1981-07-06,"GSWS08",2e-04,2.321994
"1013",1981-07-07,"GSWS08",0.000133333333333333,2.152092
"1014",1981-07-08,"GSWS08",6.66666666666667e-05,2.038824
"1015",1981-07-09,"GSWS08",0,1.916117
"1016",1981-08-05,"GSWS08",0.002,0.6654495
"1017",1981-08-25,"GSWS08",0,0.2973285
"1018",1981-09-16,"GSWS08",0.003,0.113268
"1019",1981-10-06,"GSWS08",0.001,4.46216305263158
"1020",1981-10-28,"GSWS08",0.001,0.8608368
"1021",1981-11-18,"GSWS08",0.001,9.27179485714286
"1022",1981-12-08,"GSWS08",0,35.915395
"1023",1981-12-29,"GSWS08",0.003,14.904181
"1024",1982-01-20,"GSWS08",0.009,8.891538
"1025",1982-02-09,"GSWS08",0.004,4.700622
"1026",1982-03-02,"GSWS08",0.002,15.640423
"1027",1982-03-23,"GSWS08",0.009,5.19010157142857
"1028",1982-04-13,"GSWS08",0.008,29.0878516666667
"1029",1982-05-04,"GSWS08",0,15.347814
"1030",1982-05-26,"GSWS08",0,2.860017
"1031",1982-06-15,"GSWS08",0.001,1.4583255
"1032",1982-07-07,"GSWS08",0.001,1.4583255
"1033",1982-07-27,"GSWS08",0,0.594657
"1034",1982-08-18,"GSWS08",0.001,0.3539625
"1035",1982-09-09,"GSWS08",0.001,0.592082727272727
"1036",1982-09-28,"GSWS08",0.001,2.55459792857143
"1037",1982-10-20,"GSWS08",0.001,0.538023
"1038",1982-11-10,"GSWS08",0.001,3.4971495
"1039",1982-11-30,"GSWS08",0.005,21.039531
"1040",1982-12-20,"GSWS08",0.003,30.346385
"1041",1983-01-12,"GSWS08",0.001,14.06411
"1042",1983-02-03,"GSWS08",0.013,4.9413165
"1043",1983-02-23,"GSWS08",0.001,24.796253
"1044",1983-03-16,"GSWS08",0.001,14.9938515
"1045",1983-04-06,"GSWS08",0,12.0205665
"1046",1983-04-26,"GSWS08",0.019,3.936063
"1047",1983-05-18,"GSWS08",0.001,9.863755
"1048",1983-06-09,"GSWS08",0.008,2.7354222
"1049",1983-06-30,"GSWS08",0.026,1.98219
"1050",1983-07-19,"GSWS08",0.003,2.14501275
"1051",1983-08-11,"GSWS08",0.004,0.9486195
"1052",1983-08-31,"GSWS08",0.004,0.959238375
"1053",1983-09-20,"GSWS08",0.056,0.3822795
"1054",1983-10-11,"GSWS08",0.002,0.28317
"1055",1983-11-03,"GSWS08",0,3.501869
"1056",1983-11-23,"GSWS08",0.003,31.7934563076923
"1057",1983-12-14,"GSWS08",0.006,88.5958024285714
"1058",1984-01-04,"GSWS08",0.007,42.333915
"1059",1984-01-25,"GSWS08",0.009,42.6227484
"1060",1984-02-15,"GSWS08",0.002,31.8651201
"1061",1984-03-08,"GSWS08",0.001,12.2187855
"1062",1984-03-29,"GSWS08",0.001,16.650396
"1063",1984-04-18,"GSWS08",0.002,17.801954
"1064",1984-05-08,"GSWS08",0.018,11.1427395
"1065",1984-05-30,"GSWS08",0.001,6.144789
"1066",1984-06-20,"GSWS08",0.01,5.66673141176471
"1067",1984-07-12,"GSWS08",0.002,1.529118
"1068",1984-08-01,"GSWS08",0.001,0.764559
"1069",1984-08-22,"GSWS08",0.004,0.36104175
"1070",1984-09-13,"GSWS08",0.002,0.2690115
"1071",1984-10-09,"GSWS08",0.001,0.2123775
"1072",1984-10-10,"GSWS08",0.001,0.697492421052632
"1073",1984-10-11,"GSWS08",0.001,0.786583333333333
"1074",1984-10-12,"GSWS08",0.001,3.81964866666667
"1075",1984-10-13,"GSWS08",0.001,2.388067
"1076",1984-10-14,"GSWS08",0.001,1.80520875
"1077",1984-10-15,"GSWS08",0.001,1.547996
"1078",1984-10-16,"GSWS08",0.001,1.19639325
"1079",1984-10-17,"GSWS08",0.001,0.9203025
"1080",1984-10-18,"GSWS08",0.001,2.50060892307692
"1081",1984-10-19,"GSWS08",0.001,4.8676923
"1082",1984-10-20,"GSWS08",0.001,2.79630375
"1083",1984-10-21,"GSWS08",0.001,1.840605
"1084",1984-10-22,"GSWS08",0.001,1.359216
"1085",1984-10-23,"GSWS08",0.001,1.42292925
"1086",1984-10-24,"GSWS08",0.001,1.189314
"1087",1984-10-25,"GSWS08",0.001,5.01053583333333
"1088",1984-11-13,"GSWS08",0.001,39.7816094
"1089",1984-12-06,"GSWS08",0.007,6.1023135
"1090",1984-12-27,"GSWS08",0.006,5.521815
"1091",1985-01-17,"GSWS08",0.003,20.246655
"1092",1985-02-07,"GSWS08",0.001,3.6104175
"1093",1985-02-27,"GSWS08",0.005,10.779338
"1094",1985-03-19,"GSWS08",0.004,13.195722
"1095",1985-04-10,"GSWS08",0.001,26.8558428
"1096",1985-05-01,"GSWS08",0,11.6524455
"1097",1985-05-22,"GSWS08",0.001,2.0246655
"1098",1985-05-23,"GSWS08",0.001,2.010507
"1099",1985-05-24,"GSWS08",0.001,2.010507
"1100",1985-05-25,"GSWS08",0.001,1.8859122
"1101",1985-05-26,"GSWS08",0.001,1.7414955
"1102",1985-05-27,"GSWS08",0.001,1.670703
"1103",1985-05-28,"GSWS08",0.001,2.019946
"1104",1985-05-29,"GSWS08",0.001,2.114336
"1105",1985-05-30,"GSWS08",0.001,2.28659775
"1106",1985-05-31,"GSWS08",0.001,2.2540332
"1107",1985-06-01,"GSWS08",0.001,1.9113975
"1108",1985-06-02,"GSWS08",0.001,1.755654
"1109",1985-06-03,"GSWS08",0.001,1.72104433333333
"1110",1985-06-04,"GSWS08",0.001,1.6084056
"1111",1985-06-05,"GSWS08",0.001,3.77829685714286
"1112",1985-06-06,"GSWS08",0.001,13.8721836666667
"1113",1985-07-11,"GSWS08",0,0.877827
"1114",1985-07-30,"GSWS08",0,0.538023
"1115",1985-08-22,"GSWS08",0,0.226536
"1116",1985-09-10,"GSWS08",0.001,0.538023
"1117",1985-10-01,"GSWS08",0.001,0.169902
"1118",1985-10-21,"GSWS08",0,2.87822078571429
"1119",1985-10-22,"GSWS08",0.000666666666666667,7.24299613043478
"1120",1985-10-23,"GSWS08",0.00133333333333333,7.45681
"1121",1985-10-24,"GSWS08",0.002,6.18809735294118
"1122",1985-11-14,"GSWS08",0.026,3.42231171428571
"1123",1985-12-04,"GSWS08",0.091,9.21010425
"1124",1985-12-05,"GSWS08",0.0845714285714286,13.6091502
"1125",1985-12-06,"GSWS08",0.0781428571428571,31.6179531428571
"1126",1985-12-07,"GSWS08",0.0717142857142857,34.28480775
"1127",1985-12-08,"GSWS08",0.0652857142857143,25.0435548
"1128",1985-12-09,"GSWS08",0.0588571428571429,18.774171
"1129",1985-12-10,"GSWS08",0.0524285714285714,15.602667
"1130",1985-12-11,"GSWS08",0.046,13.507209
"1131",1985-12-12,"GSWS08",0.0395714285714286,11.808189
"1132",1985-12-13,"GSWS08",0.0331428571428571,10.845411
"1133",1985-12-14,"GSWS08",0.0267142857142857,10.137486
"1134",1985-12-15,"GSWS08",0.0202857142857143,10.024218
"1135",1985-12-16,"GSWS08",0.0138571428571429,10.279071
"1136",1985-12-17,"GSWS08",0.00742857142857142,10.703826
"1137",1985-12-18,"GSWS08",0.001,11.6807625
"1138",1986-01-15,"GSWS08",0.003,7.94527825
"1139",1986-02-04,"GSWS08",0,8.3308614
"1140",1986-02-27,"GSWS08",0.002,29.053242
"1141",1986-03-18,"GSWS08",0.082,8.344076
"1142",1986-04-09,"GSWS08",0.041,2.5060545
"1143",1986-04-29,"GSWS08",0.048,12.7021971428571
"1144",1986-05-21,"GSWS08",0.007,4.455208
"1145",1986-06-11,"GSWS08",0.005,1.585752
"1146",1986-07-02,"GSWS08",0.001,0.7504005
"1147",1986-07-24,"GSWS08",0.001,0.481389
"1148",1986-08-14,"GSWS08",0.001,0.198219
"1149",1986-09-04,"GSWS08",0.001,0.179341
"1150",1986-09-24,"GSWS08",0.001,3.1856625
"1151",1986-10-17,"GSWS08",0.002,0.613535
"1152",1986-11-05,"GSWS08",0,1.8264465
"1153",1986-11-24,"GSWS08",0.002,49.922871
"1154",1986-12-16,"GSWS08",0.008,3.530186
"1155",1987-01-06,"GSWS08",0.008,11.270166
"1156",1987-01-28,"GSWS08",0.007,26.372566
"1157",1987-02-19,"GSWS08",0.001,10.5282606
"1158",1987-03-10,"GSWS08",0.004,4.7242195
"1159",1987-03-31,"GSWS08",0.003,4.81389
"1160",1987-04-22,"GSWS08",0.001,2.321994
"1161",1987-05-12,"GSWS08",0,2.594545125
"1162",1987-06-02,"GSWS08",0.001,1.425289
"1163",1987-06-24,"GSWS08",0.001,0.651291
"1164",1987-07-20,"GSWS08",0.001,0.670169
"1165",1987-08-06,"GSWS08",0.001,0.3822795
"1166",1987-08-25,"GSWS08",0,0.254853
"1167",1987-09-15,"GSWS08",0.001,0.2123775
"1168",1987-10-07,"GSWS08",0.002,0.056634
"1169",1987-10-27,"GSWS08",0.002,0
"1170",1987-11-18,"GSWS08",0.006,0.27609075
"1171",1987-12-08,"GSWS08",0.001,9.76612034375
"1172",1987-12-29,"GSWS08",0.001,2.34392001041667
"1173",1988-01-20,"GSWS08",0.017,8.80285072916667
"1174",1988-02-10,"GSWS08",0.001,24.2138863645833
"1175",1988-03-03,"GSWS08",0.002,3.37709721875
"1176",1988-03-24,"GSWS08",0.002,7.11720264583333
"1177",1988-04-14,"GSWS08",0.001,5.36951280208333
"1178",1988-05-03,"GSWS08",0.001,14.0686328541667
"1179",1988-05-25,"GSWS08",0.001,2.6553086875
"1180",1988-06-14,"GSWS08",0.001,3.42507880208333
"1181",1988-07-06,"GSWS08",0.001,1.223530375
"1182",1988-07-26,"GSWS08",0.002,0.639688895833333
"1183",1988-08-16,"GSWS08",0.001,0.251706666666667
"1184",1988-09-08,"GSWS08",0.001,0.04572015625
"1185",1988-09-27,"GSWS08",0.001,0.7692785
"1186",1988-10-18,"GSWS08",0,0.056634
"1187",1988-11-08,"GSWS08",0.001,4.10311363541667
"1188",1988-11-29,"GSWS08",0.001,21.6440202916667
"1189",1988-12-20,"GSWS08",0.002,2.77781904166667
"1190",1989-01-10,"GSWS08",0.001,35.8517800729167
"1191",1989-01-31,"GSWS08",0.001,17.78750053125
"1192",1989-02-01,"GSWS08",0.00114285714285714,16.5229695
"1193",1989-02-02,"GSWS08",0.00128571428571429,14.2731445208333
"1194",1989-02-03,"GSWS08",0.00142857142857143,11.6635559895833
"1195",1989-02-04,"GSWS08",0.00157142857142857,9.76730021875
"1196",1989-02-05,"GSWS08",0.00171428571428571,8.49765639583333
"1197",1989-02-06,"GSWS08",0.00185714285714286,7.31709313541667
"1198",1989-02-07,"GSWS08",0.002,6.3247199375
"1199",1989-02-08,"GSWS08",0.00185714285714286,5.60479954166667
"1200",1989-02-09,"GSWS08",0.00171428571428571,5.10994030208333
"1201",1989-02-10,"GSWS08",0.00157142857142857,4.66070289583333
"1202",1989-02-11,"GSWS08",0.00142857142857143,4.19809357291667
"1203",1989-02-12,"GSWS08",0.00128571428571429,3.951401375
"1204",1989-02-13,"GSWS08",0.00114285714285714,3.63981605208333
"1205",1989-02-14,"GSWS08",0.001,3.28821330208333
"1206",1989-02-15,"GSWS08",0.00128571428571429,3.15292096875
"1207",1989-02-16,"GSWS08",0.00157142857142857,3.62329780208333
"1208",1989-02-17,"GSWS08",0.00185714285714286,7.00599942708333
"1209",1989-02-18,"GSWS08",0.00214285714285714,11.3074303854167
"1210",1989-02-19,"GSWS08",0.00242857142857143,12.0949969479167
"1211",1989-02-20,"GSWS08",0.00271428571428571,11.1712531458333
"1212",1989-02-21,"GSWS08",0.003,10.88700159375
"1213",1989-03-14,"GSWS08",0.003,19.7339993125
"1214",1989-04-04,"GSWS08",0.001,20.7703228541667
"1215",1989-04-25,"GSWS08",0.004,9.22436107291667
"1216",1989-05-16,"GSWS08",0,1.68122355208333
"1217",1989-06-06,"GSWS08",0.001,2.11010811458333
"1218",1989-06-27,"GSWS08",0.001,0.96720253125
"1219",1989-07-18,"GSWS08",0.001,0.731325854166667
"1220",1989-08-08,"GSWS08",0.001,0.369989135416667
"1221",1989-08-29,"GSWS08",0.001,0.44599275
"1222",1989-09-19,"GSWS08",0,0.175408083333333
"1223",1989-10-10,"GSWS08",0.001,0.113268
"1224",1989-10-31,"GSWS08",0.001,0.307750729166667
"1225",1989-11-21,"GSWS08",0.001,0.516293635416667
"1226",1989-12-12,"GSWS08",0.001,5.43106294791667
"1227",1990-01-02,"GSWS08",0.001,1.26020482291667
"1228",1990-01-03,"GSWS08",0.00114285714285714,1.23749222916667
"1229",1990-01-04,"GSWS08",0.00128571428571429,2.49563227083333
"1230",1990-01-05,"GSWS08",0.00142857142857143,9.89934789583333
"1231",1990-01-06,"GSWS08",0.00157142857142857,30.9704405520833
"1232",1990-01-07,"GSWS08",0.00171428571428571,109.471358895833
"1233",1990-01-08,"GSWS08",0.00185714285714286,82.98975278125
"1234",1990-01-09,"GSWS08",0.002,50.2013215
"1235",1990-01-10,"GSWS08",0.00192857142857143,39.2315320104167
"1236",1990-01-11,"GSWS08",0.00185714285714286,29.54023540625
"1237",1990-01-12,"GSWS08",0.00178571428571429,20.49413378125
"1238",1990-01-13,"GSWS08",0.00171428571428571,15.9382431145833
"1239",1990-01-14,"GSWS08",0.00164285714285714,12.5242748020833
"1240",1990-01-15,"GSWS08",0.00157142857142857,10.0314938958333
"1241",1990-01-16,"GSWS08",0.0015,8.35007369791667
"1242",1990-01-17,"GSWS08",0.00142857142857143,7.04542691666667
"1243",1990-01-18,"GSWS08",0.00135714285714286,6.143609125
"1244",1990-01-19,"GSWS08",0.00128571428571429,5.45800342708333
"1245",1990-01-20,"GSWS08",0.00121428571428571,4.72225304166667
"1246",1990-01-21,"GSWS08",0.00114285714285714,4.199175125
"1247",1990-01-22,"GSWS08",0.00107142857142857,4.10429351041667
"1248",1990-01-23,"GSWS08",0.001,3.720145875
"1249",1990-02-13,"GSWS08",0.001,11.21117225
"1250",1990-03-06,"GSWS08",0.001,16.8791934270833
"1251",1990-03-27,"GSWS08",0.002,17.0181237083333
"1252",1990-04-17,"GSWS08",0,3.507768375
"1253",1990-05-08,"GSWS08",0.001,4.1443109375
"1254",1990-05-29,"GSWS08",0.001,3.00730472916667
"1255",1990-06-19,"GSWS08",0.001,3.94884497916667
"1256",1990-07-10,"GSWS08",0.001,1.20101442708333
"1257",1990-07-31,"GSWS08",0.001,0.520423197916667
"1258",1990-08-21,"GSWS08",0,0.630151572916667
"1259",1990-09-11,"GSWS08",0.001,0.16488753125
"1260",1990-10-02,"GSWS08",0.001,0.1067786875
"1261",1990-10-23,"GSWS08",0.001,0.65158596875
"1262",1990-11-13,"GSWS08",0.001,3.91295711458333
"1263",1990-12-04,"GSWS08",0.001,10.7893669375
"1264",1990-12-26,"GSWS08",0.001,3.47817317708333
"1265",1991-01-15,"GSWS08",0.002,54.4655863958333
"1266",1991-02-05,"GSWS08",0.001,12.5303708229167
"1267",1991-02-26,"GSWS08",0.001,5.96977420833333
"1268",1991-03-19,"GSWS08",0.001,6.1736959375
"1269",1991-04-09,"GSWS08",5e-04,23.6360425833333
"1270",1991-04-30,"GSWS08",5e-04,7.98706548958333
"1271",1991-05-21,"GSWS08",5e-04,12.5171955520833
"1272",1991-06-11,"GSWS08",5e-04,1.59007820833333
"1273",1991-07-02,"GSWS08",5e-04,1.33335707291667
"1274",1991-07-23,"GSWS08",5e-04,2.85401930208333
"1275",1991-08-13,"GSWS08",5e-04,0.372938822916667
"1276",1991-09-03,"GSWS08",5e-04,0.256721135416667
"1277",1991-09-24,"GSWS08",5e-04,0.113268
"1278",1991-10-15,"GSWS08",5e-04,0.0444419583333333
"1279",1991-11-05,"GSWS08",5e-04,6.95555977083333
"1280",1991-11-26,"GSWS08",5e-04,55.5691628125
"1281",1991-12-17,"GSWS08",0.002,8.04900892708333
"1282",1992-01-07,"GSWS08",0.008,3.86320571875
"1283",1992-01-28,"GSWS08",0.007,8.8142561875
"1284",1992-02-18,"GSWS08",0.033,10.917383375
"1285",1992-03-10,"GSWS08",0.039,2.21954152083333
"1286",1992-03-31,"GSWS08",0.014,0.980377802083333
"1287",1992-04-21,"GSWS08",0.009,9.49278263541667
"1288",1992-05-12,"GSWS08",5e-04,1.88878322916667
"1289",1992-06-02,"GSWS08",5e-04,0.793269291666667
"1290",1992-06-23,"GSWS08",0.004,0.3917185
"1291",1992-07-14,"GSWS08",5e-04,0.309323895833333
"1292",1992-08-04,"GSWS08",5e-04,0.121723770833333
"1293",1992-08-25,"GSWS08",5e-04,0.0594853645833333
"1294",1992-09-15,"GSWS08",5e-04,0.0506363020833333
"1295",1992-10-06,"GSWS08",5e-04,0.0901621145833333
"1296",1992-10-27,"GSWS08",5e-04,0.0829845416666667
"1297",1992-11-16,"GSWS08",0.005,1.90716961458333
"1298",1992-12-08,"GSWS08",5e-04,6.93058575
"1299",1992-12-29,"GSWS08",0.003,7.21690208333333
"1300",1993-01-19,"GSWS08",0.003,8.14389054166667
"1301",1993-02-09,"GSWS08",0.004,17.8764827708333
"1302",1993-03-02,"GSWS08",5e-04,4.48323003125
"1303",1993-03-23,"GSWS08",0.002,34.85439240625
"1304",1993-04-13,"GSWS08",5e-04,17.80637853125
"1305",1993-05-04,"GSWS08",5e-04,16.12328684375
"1306",1993-05-25,"GSWS08",5e-04,5.66133521875
"1307",1993-06-15,"GSWS08",5e-04,6.30249895833333
"1308",1993-07-06,"GSWS08",0.052,1.64730214583333
"1309",1993-07-27,"GSWS08",0.02,1.09541561458333
"1310",1993-08-17,"GSWS08",0.052,0.57784378125
"1311",1993-09-07,"GSWS08",0.027,0.339804
"1312",1993-09-28,"GSWS08",0.014,0.141585
"1313",1993-10-19,"GSWS08",0.023,0.165674114583333
"1314",1993-11-09,"GSWS08",0.002,0.084951
"1315",1993-11-30,"GSWS08",5e-04,2.04383846875
"1316",1993-12-21,"GSWS08",0.002,1.5320676875
"1317",1994-01-11,"GSWS08",0.002,21.3738289166667
"1318",1994-02-01,"GSWS08",0.003,1.89802558333333
"1319",1994-02-22,"GSWS08",0.002,1.86253101041667
"1320",1994-03-15,"GSWS08",0.004,3.73528760416667
"1321",1994-04-05,"GSWS08",5e-04,6.26729935416667
"1322",1994-04-26,"GSWS08",0.005,2.321994
"1323",1994-05-17,"GSWS08",0.003,1.74631332291667
"1324",1994-06-07,"GSWS08",0.031,6.57396853125
"1325",1994-06-28,"GSWS08",0.042,1.70934390625
"1326",1994-07-19,"GSWS08",0.031,0.707925
"1327",1994-08-09,"GSWS08",0.014,0.316894760416667
"1328",1994-08-30,"GSWS08",0.007,0.113268
"1329",1994-09-20,"GSWS08",0.005,0.1079585625
"1330",1994-10-11,"GSWS08",5e-04,0.0653847395833333
"1331",1994-10-12,"GSWS08",0.00285714285714286,0.056634
"1332",1994-10-13,"GSWS08",0.00521428571428571,0.358780322916667
"1333",1994-10-14,"GSWS08",0.00757142857142857,1.28095095833333
"1334",1994-10-15,"GSWS08",0.00992857142857143,0.429671145833333
"1335",1994-10-16,"GSWS08",0.0122857142857143,0.254656354166667
"1336",1994-10-17,"GSWS08",0.0146428571428571,0.201758625
"1337",1994-10-18,"GSWS08",0.017,0.145812885416667
"1338",1994-11-22,"GSWS08",5e-04,4.6634559375
"1339",1994-12-13,"GSWS08",5e-04,3.88454179166667
"1340",1995-01-03,"GSWS08",5e-04,7.10294582291667
"1341",1995-01-24,"GSWS08",0.002,10.3213498541667
"1342",1995-02-14,"GSWS08",0.004,3.73302617708333
"1343",1995-03-07,"GSWS08",5e-04,2.73209888541667
"1344",1995-03-28,"GSWS08",0.002,5.75257888541667
"1345",1995-04-18,"GSWS08",0.002,10.2962775104167
"1346",1995-05-09,"GSWS08",5e-04,9.2224929375
"1347",1995-05-30,"GSWS08",0.002,2.07136888541667
"1348",1995-06-20,"GSWS08",5e-04,4.8121201875
"1349",1995-07-11,"GSWS08",5e-04,1.48575759375
"1350",1995-08-01,"GSWS08",5e-04,0.600359729166667
"1351",1995-08-22,"GSWS08",0.004,0.506363020833333
"1352",1995-09-12,"GSWS08",5e-04,0.262620510416667
"1353",1995-10-03,"GSWS08",0.002,2.65255564583333
"1354",1995-10-24,"GSWS08",0.007,1.06090427083333
"1355",1995-11-14,"GSWS08",0.004,25.16997840625
"1356",1995-12-05,"GSWS08",0.005,34.65794321875
"1357",1995-12-26,"GSWS08",0.005,3.75809852083333
"1358",1996-01-16,"GSWS08",5e-04,33.88984459375
"1359",1996-02-05,"GSWS08",0.009,30.0188713645833
"1360",1996-02-06,"GSWS08",0.00863636363636364,232.85924509375
"1361",1996-02-07,"GSWS08",0.00827272727272727,255.5467665
"1362",1996-02-08,"GSWS08",0.00790909090909091,125.18090290625
"1363",1996-02-09,"GSWS08",0.00754545454545455,82.1270675104167
"1364",1996-02-10,"GSWS08",0.00718181818181818,41.8872339895833
"1365",1996-02-11,"GSWS08",0.00681818181818182,29.6964705208333
"1366",1996-02-12,"GSWS08",0.00645454545454545,26.00356009375
"1367",1996-02-13,"GSWS08",0.00609090909090909,28.9493146770833
"1368",1996-02-14,"GSWS08",0.00572727272727273,30.8807700520833
"1369",1996-02-15,"GSWS08",0.00536363636363636,31.34426428125
"1370",1996-02-16,"GSWS08",0.005,32.1015473854167
"1371",1996-04-09,"GSWS08",0.009,6.04803925
"1372",1996-04-30,"GSWS08",5e-04,8.34309277083333
"1373",1996-05-21,"GSWS08",0.005,17.2015942708333
"1374",1996-06-11,"GSWS08",5e-04,2.29466022916667
"1375",1996-07-02,"GSWS08",0.01,1.49450833333333
"1376",1996-07-23,"GSWS08",0.006,0.6801979375
"1377",1996-08-13,"GSWS08",0.006,0.362418270833333
"1378",1996-09-03,"GSWS08",5e-04,0.23361525
"1379",1996-09-24,"GSWS08",5e-04,0.25573790625
"1380",1996-10-15,"GSWS08",0.017,1.23011801041667
"1381",1996-11-05,"GSWS08",0.02,2.49936854166667
"1382",1996-11-26,"GSWS08",0.008,21.1531922916667
"1383",1996-12-17,"GSWS08",0.008,11.43446359375
"1384",1997-01-07,"GSWS08",5e-04,13.7347282291667
"1385",1997-01-28,"GSWS08",5e-04,23.9283566145833
"1386",1997-02-18,"GSWS08",0.003,9.81685496875
"1387",1997-03-11,"GSWS08",5e-04,58.6898338645833
"1388",1997-04-01,"GSWS08",0.002,5.37393733333333
"1389",1997-04-22,"GSWS08",5e-04,19.4457165208333
"1390",1997-05-13,"GSWS08",5e-04,3.3183984375
"1391",1997-06-03,"GSWS08",0.059,2.7815553125
"1392",1997-06-24,"GSWS08",0.014,1.22834819791667
"1393",1997-07-15,"GSWS08",0.012,1.12412590625
"1394",1997-08-05,"GSWS08",5e-04,0.642933552083333
"1395",1997-08-27,"GSWS08",5e-04,0.500660291666667
"1396",1997-09-16,"GSWS08",0.002,3.1384675
"1397",1997-10-07,"GSWS08",0.006,3.63352338541667
"1398",1997-10-28,"GSWS08",0.02,1.95013672916667
"1399",1997-11-18,"GSWS08",0.003,2.98872169791667
"1400",1997-12-09,"GSWS08",5e-04,2.57399563541667
"1401",1997-12-30,"GSWS08",0.002,6.00930002083333
"1402",1998-01-20,"GSWS08",0.007,21.11179834375
"1403",1998-02-10,"GSWS08",0.003,4.06634086458333
"1404",1998-03-03,"GSWS08",0.006,19.9639766145833
"1405",1998-03-24,"GSWS08",0.012,16.4942592083333
"1406",1998-04-14,"GSWS08",0.012,6.91377253125
"1407",1998-05-05,"GSWS08",0.02,2.60781871875
"1408",1998-05-26,"GSWS08",0.007,9.76081090625
"1409",1998-06-16,"GSWS08",0.028,2.69945567708333
"1410",1998-07-07,"GSWS08",0.035,1.51712260416667
"1411",1998-07-28,"GSWS08",0.03,0.767115395833333
"1412",1998-07-29,"GSWS08",0.0286428571428571,0.787664885416667
"1413",1998-07-30,"GSWS08",0.0272857142857143,0.796808916666667
"1414",1998-07-31,"GSWS08",0.0259285714285714,0.775079552083333
"1415",1998-08-01,"GSWS08",0.0245714285714286,0.760036145833333
"1416",1998-08-02,"GSWS08",0.0232142857142857,0.709498166666667
"1417",1998-08-03,"GSWS08",0.0218571428571429,0.698387677083333
"1418",1998-08-04,"GSWS08",0.0205,0.668595833333333
"1419",1998-08-05,"GSWS08",0.0191428571428571,0.651291
"1420",1998-08-06,"GSWS08",0.0177857142857143,0.651291
"1421",1998-08-07,"GSWS08",0.0164285714285714,0.619434375
"1422",1998-08-08,"GSWS08",0.0150714285714286,0.5899375
"1423",1998-08-09,"GSWS08",0.0137142857142857,0.5586708125
"1424",1998-08-10,"GSWS08",0.0123571428571429,0.55070665625
"1425",1998-08-11,"GSWS08",0.011,0.538023
"1426",1998-09-08,"GSWS08",0.002,0.22683096875
"1427",1998-09-29,"GSWS08",0.003,0.231353822916667
"1428",1998-10-20,"GSWS08",0.006,0.4701801875
"1429",1998-11-10,"GSWS08",5e-04,1.71081875
"1430",1998-12-01,"GSWS08",0.003,37.5446057291667
"1431",1998-12-22,"GSWS08",5e-04,7.64981788541667
"1432",1999-01-12,"GSWS08",0.003,8.4921503125
"1433",1999-02-01,"GSWS08",0.002,5.01879495833333
"1434",1999-02-24,"GSWS08",5e-04,42.5118794791667
"1435",1999-03-16,"GSWS08",5e-04,9.61519466666667
"1436",1999-04-05,"GSWS08",5e-04,5.14572984375
"1437",1999-04-28,"GSWS08",5e-04,12.7091218854167
"1438",1999-05-18,"GSWS08",5e-04,23.0404023541667
"1439",1999-06-08,"GSWS08",5e-04,2.6364306875
"1440",1999-06-28,"GSWS08",5e-04,1.25165072916667
"1441",1999-07-20,"GSWS08",0.009,0.679608
"1442",1999-08-10,"GSWS08",0.002,0.806936177083333
"1443",1999-08-31,"GSWS08",5e-04,0.480995708333333
"1444",1999-09-21,"GSWS08",5e-04,0.178357770833333
"1445",1999-10-13,"GSWS08",5e-04,0.141585
"1446",1999-11-03,"GSWS08",0.003,0.431637604166667
"1447",1999-11-24,"GSWS08",5e-04,27.0680039895833
"1448",1999-12-14,"GSWS08",0.002,17.2985406666667
"1449",2000-01-05,"GSWS08",5e-04,12.1831926041667
"1450",2000-01-25,"GSWS08",5e-04,21.08702096875
"1451",2000-02-15,"GSWS08",0.004,25.58116484375
"1452",2000-03-07,"GSWS08",0.002,10.5411015729167
"1453",2000-03-28,"GSWS08",5e-04,7.55326478125
"1454",2000-04-18,"GSWS08",5e-04,5.8586693125
"1455",2000-05-09,"GSWS08",5e-04,6.52657688541667
"1456",2000-05-30,"GSWS08",5e-04,2.67566153125
"1457",2000-06-20,"GSWS08",5e-04,3.45369077083333
"1458",2000-07-11,"GSWS08",5e-04,1.31310255208333
"1459",2000-08-01,"GSWS08",5e-04,0.650307770833333
"1460",2000-08-21,"GSWS08",5e-04,0.311487
"1461",2000-09-13,"GSWS08",5e-04,0.231648791666667
"1462",2000-10-04,"GSWS08",5e-04,0.160561322916667
"1463",2000-10-24,"GSWS08",5e-04,0.361828333333333
"1464",2000-11-14,"GSWS08",0.003,0.444714552083333
"1465",2000-12-05,"GSWS08",5e-04,0.76219925
"1466",2000-12-27,"GSWS08",5e-04,8.48467777083333
"1467",2001-01-16,"GSWS08",5e-04,2.33379275
"1468",2001-02-06,"GSWS08",5e-04,5.44669629166667
"1469",2001-02-27,"GSWS08",5e-04,2.43555696875
"1470",2001-03-20,"GSWS08",5e-04,9.18021408333333
"1471",2001-04-10,"GSWS08",5e-04,5.4793395
"1472",2001-05-02,"GSWS08",5e-04,11.4665168645833
"1473",2001-05-23,"GSWS08",0.002,4.30880517708333
"1474",2001-06-12,"GSWS08",5e-04,2.2228845
"1475",2001-06-13,"GSWS08",0.000461538461538462,1.91660861458333
"1476",2001-06-14,"GSWS08",0.000423076923076923,1.76558461458333
"1477",2001-06-15,"GSWS08",0.000384615384615385,1.64277929166667
"1478",2001-06-16,"GSWS08",0.000346153846153846,1.54966748958333
"1479",2001-06-17,"GSWS08",0.000307692307692308,1.48929721875
"1480",2001-06-18,"GSWS08",0.000269230769230769,1.43128669791667
"1481",2001-06-19,"GSWS08",0.000230769230769231,1.36236233333333
"1482",2001-06-20,"GSWS08",0.000192307692307692,1.31388913541667
"1483",2001-06-21,"GSWS08",0.000153846153846154,1.27642810416667
"1484",2001-06-22,"GSWS08",0.000115384615384615,1.23877042708333
"1485",2001-06-23,"GSWS08",7.69230769230769e-05,1.19855635416667
"1486",2001-06-24,"GSWS08",3.84615384615384e-05,1.3940223125
"1487",2001-06-25,"GSWS08",0,1.38114201041667
"1488",2001-07-24,"GSWS08",5e-04,0.590429114583333
"1489",2001-08-14,"GSWS08",5e-04,0.336067729166667
"1490",2001-09-04,"GSWS08",0.002,0.2058881875
"1491",2001-09-25,"GSWS08",5e-04,0.395159802083333
"1492",2001-10-17,"GSWS08",5e-04,0.17963596875
"1493",2001-11-06,"GSWS08",5e-04,1.14919825
"1494",2001-11-26,"GSWS08",0.002,8.05687476041667
"1495",2001-12-18,"GSWS08",5e-04,31.4702159375
"1496",2002-01-08,"GSWS08",5e-04,49.66536328125
"1497",2002-01-31,"GSWS08",5e-04,5.27217311458333
"1498",2002-02-19,"GSWS08",5e-04,13.20899559375
"1499",2002-03-12,"GSWS08",5e-04,41.216573375
"1500",2002-04-03,"GSWS08",5e-04,28.04769353125
"1501",2002-04-24,"GSWS08",5e-04,8.15795071875
"1502",2002-05-15,"GSWS08",5e-04,2.40448692708333
"1503",2002-06-05,"GSWS08",5e-04,1.50650372916667
"1504",2002-06-25,"GSWS08",5e-04,0.933772739583333
"1505",2002-07-15,"GSWS08",5e-04,0.555819447916667
"1506",2002-08-06,"GSWS08",5e-04,0.319254510416667
"1507",2002-08-27,"GSWS08",5e-04,0.167050635416667
"1508",2002-10-09,"GSWS08",5e-04,0.152105552083333
"1509",2002-10-30,"GSWS08",5e-04,0.12654159375
"1510",2002-11-20,"GSWS08",5e-04,1.24191676041667
"1511",2002-12-10,"GSWS08",5e-04,1.35361159375
"1512",2003-01-01,"GSWS08",5e-04,19.81334590625
"1513",2003-01-21,"GSWS08",5e-04,4.07617315625
"1514",2003-02-11,"GSWS08",5e-04,4.78399983333333
"1515",2003-03-04,"GSWS08",5e-04,5.12429544791667
"1516",2003-03-26,"GSWS08",5e-04,37.14099015625
"1517",2003-04-15,"GSWS08",5e-04,12.4117933854167
"1518",2003-05-06,"GSWS08",5e-04,7.69288332291667
"1519",2003-05-28,"GSWS08",5e-04,2.52739057291667
"1520",2003-06-18,"GSWS08",5e-04,1.17368065625
"1521",2003-07-07,"GSWS08",5e-04,0.590724083333333
"1522",2003-07-29,"GSWS08",5e-04,0.2471838125
"1523",2003-08-18,"GSWS08",5e-04,0.123198614583333
"1524",2003-09-09,"GSWS08",5e-04,1.20475069791667
"1525",2003-10-01,"GSWS08",5e-04,0.114447875
"1526",2003-10-21,"GSWS08",5e-04,0.3226958125
"1527",2003-11-13,"GSWS08",5e-04,0.43861853125
"1528",2003-12-02,"GSWS08",5e-04,13.6465325729167
"1529",2003-12-23,"GSWS08",5e-04,11.693741125
"1530",2004-01-13,"GSWS08",5e-04,24.448189875
"1531",2004-02-04,"GSWS08",5e-04,15.3792773333333
"1532",2004-02-24,"GSWS08",5e-04,10.6083544479167
"1533",2004-03-16,"GSWS08",5e-04,4.8085805625
"1534",2004-04-07,"GSWS08",5e-04,2.04855796875
"1535",2004-04-27,"GSWS08",5e-04,5.83182715625
"1536",2004-05-17,"GSWS08",5e-04,2.49287922916667
"1537",2004-06-08,"GSWS08",0.003,8.97678396875
"1538",2004-06-28,"GSWS08",5e-04,1.9025484375
"1539",2004-07-20,"GSWS08",0.004,0.865045020833333
"1540",2004-08-09,"GSWS08",0.004,0.389850364583333
"1541",2004-08-31,"GSWS08",5e-04,0.61972934375
"1542",2004-09-21,"GSWS08",5e-04,1.70580428125
"1543",2004-10-13,"GSWS08",5e-04,0.523766177083333
"1544",2004-11-01,"GSWS08",5e-04,2.44548758333333
"1545",2004-11-22,"GSWS08",5e-04,1.15145967708333
"1546",2004-12-14,"GSWS08",5e-04,16.83121184375
"1547",2005-01-04,"GSWS08",5e-04,2.36899235416667
"1548",2005-01-25,"GSWS08",0.003,5.21229445833333
"1549",2005-02-15,"GSWS08",5e-04,2.44617584375
"1550",2005-03-08,"GSWS08",0.001,1.99330048958333
"1551",2005-03-29,"GSWS08",0.003,19.761726375
"1552",2005-04-20,"GSWS08",0.002,8.04222464583333
"1553",2005-05-10,"GSWS08",0.002,15.6476005729167
"1554",2005-05-31,"GSWS08",5e-04,4.08167923958333
"1555",2005-06-21,"GSWS08",0.002,3.83449542708333
"1556",2005-07-11,"GSWS08",5e-04,1.6547746875
"1557",2005-08-02,"GSWS08",0.005,0.734570510416667
"1558",2005-08-23,"GSWS08",0.002,0.338132510416667
"1559",2005-09-12,"GSWS08",5e-04,0.265373552083333
"1560",2005-10-05,"GSWS08",5e-04,0.473228197916667
"1561",2005-10-25,"GSWS08",5e-04,0.380706333333333
"1562",2005-11-15,"GSWS08",5e-04,11.03507590625
"1563",2005-12-07,"GSWS08",5e-04,5.42771996875
"1564",2005-12-27,"GSWS08",5e-04,44.29693203125
"1565",2006-01-18,"GSWS08",5e-04,39.6271834270833
"1566",2006-02-08,"GSWS08",0.002,18.7430026354167
"1567",2006-02-27,"GSWS08",5e-04,10.5770877604167
"1568",2006-03-20,"GSWS08",5e-04,3.34052109375
"1569",2006-04-11,"GSWS08",0.002,15.0119429166667
"1570",2006-05-01,"GSWS08",0.002,4.50643423958333
"1571",2006-05-23,"GSWS08",5e-04,2.48235867708333
"1572",2006-06-12,"GSWS08",5e-04,2.90298411458333
"1573",2006-07-05,"GSWS08",5e-04,1.47464710416667
"1574",2006-07-25,"GSWS08",5e-04,0.6837375625
"1575",2006-08-15,"GSWS08",5e-04,0.37785496875
"1576",2006-09-06,"GSWS08",5e-04,0.176587958333333
"1577",2006-09-26,"GSWS08",5e-04,0.191238072916667
"1578",2006-10-17,"GSWS08",5e-04,0.373037145833333
"1579",2006-11-06,"GSWS08",5e-04,11.7811501979167
"1580",2006-11-27,"GSWS08",5e-04,11.379894375
"1581",2006-12-19,"GSWS08",5e-04,11.66099959375
"1582",2007-01-09,"GSWS08",5e-04,23.6737985833333
"1583",2007-01-30,"GSWS08",5e-04,4.48136189583333
"1584",2007-02-20,"GSWS08",5e-04,19.8350752708333
"1585",2007-03-14,"GSWS08",5e-04,24.6388380104167
"1586",2007-04-04,"GSWS08",5e-04,3.66970621875
"1587",2007-04-23,"GSWS08",5e-04,7.3671395
"1588",2007-05-16,"GSWS08",5e-04,2.25051323958333
"1589",2007-06-04,"GSWS08",5e-04,1.41427683333333
"1590",2007-06-27,"GSWS08",0.003,0.80732946875
"1591",2007-07-18,"GSWS08",5e-04,0.76603384375
"1592",2007-08-06,"GSWS08",0.002,0.282973354166667
"1593",2007-08-27,"GSWS08",5e-04,0.207854645833333
"1594",2007-09-18,"GSWS08",5e-04,0.120445572916667
"1595",2007-10-09,"GSWS08",5e-04,0.502233458333333
"1596",2007-10-31,"GSWS08",5e-04,1.92004991666667
"1597",2007-11-20,"GSWS08",5e-04,20.2783149791667
"1598",2007-12-11,"GSWS08",5e-04,8.96390366666667
"1599",2008-01-03,"GSWS08",5e-04,5.91264859375
"1600",2008-01-23,"GSWS08",5e-04,5.66595639583333
"1601",2008-02-13,"GSWS08",5e-04,8.24978432291667
"1602",2008-03-05,"GSWS08",5e-04,12.2135743854167
"1603",2008-03-26,"GSWS08",5e-04,10.16786778125
"1604",2008-04-15,"GSWS08",5e-04,21.0770903541667
"1605",2008-05-08,"GSWS08",5e-04,24.0606992604167
"1606",2008-05-27,"GSWS08",5e-04,18.5555008333333
"1607",2008-06-17,"GSWS08",5e-04,5.012109
"1608",2008-07-09,"GSWS08",0.002,1.34338601041667
"1609",2008-07-29,"GSWS08",5e-04,0.67046396875
"1610",2008-08-20,"GSWS08",5e-04,2.66042147916667
"1611",2008-09-09,"GSWS08",5e-04,0.230075625
"1612",2008-09-30,"GSWS08",5e-04,0.126738239583333
"1613",2008-10-22,"GSWS08",5e-04,0.23273034375
"1614",2008-11-11,"GSWS08",5e-04,18.5583521979167
"1615",2008-12-01,"GSWS08",5e-04,1.92181972916667
"1616",2008-12-23,"GSWS08",5e-04,4.31627771875
"1617",2009-01-14,"GSWS08",5e-04,18.3865820625
"1618",2009-02-04,"GSWS08",5e-04,8.46078530208333
"1619",2009-02-25,"GSWS08",5e-04,24.7057959166667
"1620",2009-03-18,"GSWS08",5e-04,8.03288396875
"1621",2009-04-06,"GSWS08",5e-04,16.8284588020833
"1622",2009-04-29,"GSWS08",5e-04,4.50899063541667
"1623",2009-05-20,"GSWS08",5e-04,5.42221388541667
"1624",2009-06-08,"GSWS08",5e-04,1.82271022916667
"1625",2009-07-01,"GSWS08",0.002,1.0146925
"1626",2009-07-21,"GSWS08",5e-04,0.559949010416667
"1627",2009-08-11,"GSWS08",5e-04,0.326432083333333
"1628",2009-09-01,"GSWS08",5e-04,0.141585
"1629",2009-09-24,"GSWS08",5e-04,0.0739388333333333
"1630",2009-10-13,"GSWS08",5e-04,0.428491270833333
"1631",2009-11-04,"GSWS08",0.005,0.870256135416667
"1632",2009-11-23,"GSWS08",5e-04,8.32018353125
"1633",2009-12-16,"GSWS08",5e-04,26.23953509375
"1634",2010-01-04,"GSWS08",0.003,22.5720903020833
"1635",2010-01-27,"GSWS08",0.003,6.67327467708333
"1636",2010-02-17,"GSWS08",0.002,7.43665380208333
"1637",2010-03-08,"GSWS08",0.003,3.11142869791667
"1638",2010-03-30,"GSWS08",0.008,32.36131653125
"1639",2010-04-20,"GSWS08",0.017,13.62254178125
"1640",2010-05-12,"GSWS08",0.011,6.20427436458333
"1641",2010-06-02,"GSWS08",0.07,44.1369606458333
"1642",2010-06-23,"GSWS08",0.066,2.9490975625
"1643",2010-07-13,"GSWS08",0.013,1.32804763541667
"1644",2010-08-02,"GSWS08",0.004,0.635755979166667
"1645",2010-08-26,"GSWS08",5e-04,0.268618208333333
"1646",2010-09-14,"GSWS08",5e-04,0.270191375
"1647",2010-10-05,"GSWS08",5e-04,0.28317
"1648",2010-10-25,"GSWS08",5e-04,10.5688286354167
"1649",2010-11-16,"GSWS08",5e-04,11.2684945104167
"1650",2010-12-08,"GSWS08",5e-04,24.6650902291667
"1651",2010-12-29,"GSWS08",5e-04,31.28940009375
"1652",2011-01-19,"GSWS08",0.002,31.2762248229167
"1653",2011-02-08,"GSWS08",5e-04,3.32882066666667
"1654",2011-03-02,"GSWS08",5e-04,7.23882809375
"1655",2011-03-22,"GSWS08",5e-04,9.74665240625
"1656",2011-04-12,"GSWS08",5e-04,10.3610723125
"1657",2011-05-01,"GSWS08",5e-04,11.855384
"1658",2011-05-26,"GSWS08",5e-04,7.33518455208333
"1659",2011-06-15,"GSWS08",5e-04,2.84163061458333
"1660",2011-07-06,"GSWS08",5e-04,1.44347873958333
"1661",2011-07-25,"GSWS08",5e-04,1.03140739583333
"1662",2011-08-16,"GSWS08",5e-04,0.530452135416667
"1663",2011-09-06,"GSWS08",0.002,0.253869770833333
"1664",2011-09-28,"GSWS08",5e-04,0.2070680625
"1665",2011-10-18,"GSWS08",0.001,0.317484697916667
"1666",2011-11-09,"GSWS08",5e-04,0.264685291666667
"1667",2011-11-30,"GSWS08",5e-04,7.15259889583333
"1668",2012-01-11,"GSWS08",5e-04,3.73922052083333
"1669",2012-02-01,"GSWS08",0.003,19.39272046875
"1670",2012-02-22,"GSWS08",0.003,36.2145916354167
"1671",2012-03-12,"GSWS08",5e-04,14.0454286458333
"1672",2012-04-04,"GSWS08",5e-04,18.27626375
"1673",2012-04-25,"GSWS08",5e-04,15.1311102916667
"1674",2012-05-16,"GSWS08",5e-04,3.07908045833333
"1675",2012-06-06,"GSWS08",5e-04,5.77420992708333
"1676",2012-06-26,"GSWS08",5e-04,6.03260255208333
"1677",2012-07-17,"GSWS08",5e-04,1.76371647916667
"1678",2012-08-07,"GSWS08",5e-04,0.763477447916667
"1679",2012-08-28,"GSWS08",5e-04,0.38257446875
"1680",2012-09-18,"GSWS08",5e-04,0.151122322916667
"1681",2012-10-08,"GSWS08",5e-04,0.111006572916667
"1682",2012-10-30,"GSWS08",5e-04,8.06788692708333
"1683",2012-11-20,"GSWS08",5e-04,63.5276163333333
"1684",2012-12-11,"GSWS08",5e-04,11.87691671875
"1685",2013-01-02,"GSWS08",5e-04,3.95464603125
"1686",2013-01-22,"GSWS08",5e-04,17.0474239375
"1687",2013-02-12,"GSWS08",5e-04,7.41276133333333
"1688",2013-03-05,"GSWS08",5e-04,13.5500777916667
"1689",2013-03-27,"GSWS08",5e-04,8.93381685416667
"1690",2013-04-16,"GSWS08",5e-04,8.11970310416667
"1691",2013-05-08,"GSWS08",5e-04,2.057702
"1692",2013-05-29,"GSWS08",5e-04,11.24892825
"1693",2013-06-19,"GSWS08",5e-04,2.20439979166667
"1694",2013-07-09,"GSWS08",5e-04,1.207012125
"1695",2013-07-30,"GSWS08",5e-04,0.55926075
"1696",2013-08-20,"GSWS08",5e-04,0.296541916666667
"1697",2013-09-10,"GSWS08",5e-04,0.207756322916667
"1698",2013-10-01,"GSWS08",5e-04,19.0453456041667
"1699",2013-10-23,"GSWS08",5e-04,1.42696048958333
"1700",2013-11-13,"GSWS08",5e-04,2.85077464583333
"1701",2013-12-03,"GSWS08",5e-04,10.9708710416667
"1702",2013-12-22,"GSWS08",5e-04,4.45481470833333
"1703",2014-01-15,"GSWS08",5e-04,13.393941
"1704",2014-02-06,"GSWS08",5e-04,4.317162625
"1705",2014-02-25,"GSWS08",5e-04,18.0704738854167
"1706",2014-03-20,"GSWS08",5e-04,5.49339967708333
"1707",2014-04-09,"GSWS08",5e-04,10.9092225729167
"1708",2014-04-30,"GSWS08",5e-04,10.9503215520833
"1709",2014-05-21,"GSWS08",5e-04,4.35973644791667
"1710",2014-06-11,"GSWS08",5e-04,1.60826794791667
"1711",2014-07-02,"GSWS08",5e-04,1.29599436458333
"1712",2014-07-22,"GSWS08",5e-04,0.773211416666667
"1713",2014-08-12,"GSWS08",5e-04,0.389555395833333
"1714",2014-09-03,"GSWS08",5e-04,0.178554416666667
"1715",2014-09-23,"GSWS08",5e-04,0.2330253125
"1716",2014-10-14,"GSWS08",5e-04,0.489254833333333
"1717",2014-11-04,"GSWS08",5e-04,6.7943101875
"1718",2014-11-25,"GSWS08",5e-04,13.2943398854167
"1719",2014-12-16,"GSWS08",5e-04,4.80553255208333
"1720",2015-01-06,"GSWS08",5e-04,8.59853570833333
"1721",2015-01-26,"GSWS08",5e-04,5.41985413541667
"1722",2015-02-19,"GSWS08",5e-04,4.41951678125
"1723",2015-03-11,"GSWS08",5e-04,1.84581611458333
"1724",2015-04-01,"GSWS08",5e-04,5.29970353125
"1725",2015-04-22,"GSWS08",5e-04,2.56888284375
"1726",2015-05-13,"GSWS08",5e-04,1.58231069791667
"1727",2015-06-02,"GSWS08",5e-04,1.39952839583333
"1728",2015-06-22,"GSWS08",5e-04,0.733193989583333
"1729",2015-07-14,"GSWS08",5e-04,0.385622479166667
"1730",2015-08-04,"GSWS08",5e-04,0.151122322916667
"1731",2015-08-24,"GSWS08",5e-04,0.056634
"1732",2015-09-14,"GSWS08",5e-04,0.084951
"1733",2015-10-06,"GSWS08",5e-04,0.0848526770833333
"1734",2015-10-27,"GSWS08",5e-04,0.182389010416667
"1735",2015-11-17,"GSWS08",5e-04,20.8391488958333
"1736",2015-12-07,"GSWS08",5e-04,80.3918646770833
"1737",2015-12-30,"GSWS08",5e-04,5.13176798958333
"1738",2016-01-20,"GSWS08",5e-04,27.5685659583333
"1739",2016-02-10,"GSWS08",5e-04,17.59193625
"1740",2016-02-29,"GSWS08",5e-04,7.36802440625
"1741",2016-03-22,"GSWS08",5e-04,23.2481586770833
"1742",2016-04-13,"GSWS08",5e-04,2.95312880208333
"1743",2016-05-04,"GSWS08",5e-04,2.28758097916667
"1744",2016-05-25,"GSWS08",5e-04,1.60698975
"1745",2016-06-15,"GSWS08",5e-04,1.10170828125
"1746",2016-07-06,"GSWS08",5e-04,0.507247927083333
"1747",2016-07-27,"GSWS08",5e-04,0.35543734375
"1748",2016-08-17,"GSWS08",5e-04,0.1811108125
"1749",2016-09-07,"GSWS08",5e-04,0.2235863125
"1750",2016-09-28,"GSWS08",5e-04,0.141585
"1751",2016-10-19,"GSWS08",5e-04,16.26133221875
"1752",2016-11-10,"GSWS08",5e-04,2.52247442708333
"1753",2016-11-30,"GSWS08",5e-04,16.0809096666667
"1754",2016-12-21,"GSWS08",5e-04,23.6371241354167
"1755",2017-01-11,"GSWS08",5e-04,10.00534
"1756",2017-02-01,"GSWS08",5e-04,8.0756544375
"1757",2017-02-22,"GSWS08",5e-04,18.41224434375
"1758",2017-03-15,"GSWS08",5e-04,54.8133545520833
"1759",2017-04-05,"GSWS08",5e-04,9.19820717708333
"1760",2017-04-26,"GSWS08",5e-04,35.07738878125
"1761",2017-05-17,"GSWS08",5e-04,10.9397026770833
"1762",2017-06-07,"GSWS08",5e-04,2.01257178125
"1763",2017-06-28,"GSWS08",5e-04,1.11940640625
"1764",2017-07-18,"GSWS08",5e-04,0.5822683125
"1765",2017-08-07,"GSWS08",5e-04,0.253869770833333
"1766",2017-08-30,"GSWS08",5e-04,0.101370927083333
"1767",2017-09-20,"GSWS08",5e-04,4.2563990625
"1768",2017-10-10,"GSWS08",5e-04,0.287987822916667
"1769",2017-11-01,"GSWS08",5e-04,2.27381577083333
"1770",2017-11-21,"GSWS08",5e-04,42.1754184583333
"1771",2017-12-13,"GSWS08",5e-04,2.98724685416667
"1772",2018-01-03,"GSWS08",5e-04,7.87369916666667
"1773",2018-01-23,"GSWS08",5e-04,16.9911832291667
"1774",2018-02-14,"GSWS08",5e-04,3.56686044791667
"1775",2018-03-06,"GSWS08",5e-04,2.8216710625
"1776",2018-03-28,"GSWS08",5e-04,9.31993094791667
"1777",2018-04-18,"GSWS08",5e-04,15.9273292708333
"1778",2018-05-09,"GSWS08",5e-04,2.4075349375
"1779",2018-05-30,"GSWS08",5e-04,1.23513247916667
"1780",2018-06-20,"GSWS08",5e-04,0.918041072916667
"1781",2018-07-10,"GSWS08",5e-04,0.436357104166667
"1782",2018-07-30,"GSWS08",5e-04,0.18435546875
"1783",2018-08-22,"GSWS08",5e-04,0.066073
"1784",2018-09-12,"GSWS08",5e-04,0.0831811875
"1785",2018-10-03,"GSWS08",5e-04,0.056634
"1786",2018-10-23,"GSWS08",5e-04,0.056634
"1787",2018-11-14,"GSWS08",5e-04,0.235778354166667
"1788",2018-12-05,"GSWS08",5e-04,1.511419875
"1789",2018-12-28,"GSWS08",5e-04,9.85097302083333
"1790",2019-01-15,"GSWS08",5e-04,4.41410902083333
"1791",2019-02-06,"GSWS08",5e-04,3.48682559375
"1792",2019-03-20,"GSWS08",5e-04,18.91900065625
"1793",2019-04-10,"GSWS08",5e-04,51.4349791354167
"1794",2019-04-30,"GSWS08",5e-04,3.50157403125
"1795",2019-05-22,"GSWS08",5e-04,1.4294185625
