"","date","Nitrate_mgL","discharge_Ls"
"1",1982-05-11,0.12,NA
"2",1982-06-02,0.27,NA
"3",1982-06-29,0.3,NA
"4",1982-08-02,0.22,NA
"5",1982-08-24,0.2,NA
"6",1982-09-20,0.29,NA
"7",1982-10-21,0.2,NA
"8",1982-12-07,0.39,NA
"9",1983-02-08,0.22,NA
"10",1983-06-10,0.3,NA
"11",1983-06-17,0.26,NA
"12",1983-07-01,0.2,NA
"13",1983-07-07,0.19,NA
"14",1983-08-02,0.19,NA
"15",1983-08-30,0.09,NA
"16",1983-09-18,0.13,NA
"17",1984-05-11,0.32,47.85547074048
"18",1984-05-13,0.38,273.2575696128
"19",1984-05-14,0.34,368.119005696
"20",1984-05-15,0.38,345.4655284224
"21",1984-05-16,0.32,416.2576449024
"22",1984-05-17,0.28,402.0992216064
"23",1984-05-20,0.33,478.5547074048
"24",1984-05-21,0.32,481.386392064
"25",1984-05-22,0.31,526.6933466112
"26",1984-05-23,0.3,707.9211648
"27",1984-05-24,0.29,903.3074062848
"28",1984-05-25,0.34,424.75269888
"29",1984-05-29,0.31,433.2477528576
"30",1984-05-30,0.32,506.8715539968
"31",1984-05-30,0.32,506.8715539968
"32",1984-05-31,0.3,617.3072557056
"33",1984-05-31,0.3,617.3072557056
"34",1984-06-03,0.33,404.9309062656
"35",1984-06-04,0.32,365.2873210368
"36",1984-06-05,0.32,356.7922670592
"37",1984-06-25,0.28,605.9805170688
"38",1984-06-25,0.26,605.9805170688
"39",1984-07-17,0.008,393.6041676288
"40",1984-07-25,0.178,693.762741504
"41",1984-08-15,0.135,342.6338437632
"42",1984-08-30,0.108,264.47934716928
"43",1984-09-13,0.187,218.60605569024
"44",1984-10-24,0.32,71.35845341184
"45",1985-04-30,0.211,112.13471250432
"46",1985-05-01,0.195,153.76047699456
"47",1985-05-02,0.176,201.0496108032
"48",1985-05-04,0.26,281.18628665856
"49",1985-05-06,0.179,193.12089375744
"50",1985-05-07,0.179,233.89715284992
"51",1985-05-08,0.192,268.16053722624
"52",1985-05-13,0.24,87.49905596928
"53",1985-05-15,0.25,91.46341449216
"54",1985-05-20,0.216,152.06146619904
"55",1985-05-21,0.248,161.4060255744
"56",1985-05-22,0.246,173.29910114304
"57",1985-05-27,0.29,393.6041676288
"58",1985-05-28,0.28,427.5843835392
"59",1985-05-30,0.29,264.7625156352
"60",1985-06-03,0.213,362.4556363776
"61",1985-06-04,0.227,416.2576449024
"62",1985-06-05,0.24,628.6339943424
"63",1985-06-10,0.3,555.0101932032
"64",1985-06-11,0.3,489.8814460416
"65",1985-06-12,0.31,529.5250312704
"66",1985-06-17,0.26,588.9904091136
"67",1985-06-19,0.27,506.8715539968
"68",1985-06-19,0.27,506.8715539968
"69",1985-06-24,0.25,750.396434688
"70",1985-06-25,0.25,724.9112727552
"71",1985-06-27,0.27,348.2972130816
"72",1985-07-10,0.19,421.9210142208
"73",1985-07-23,0.161,416.2576449024
"74",1985-08-20,0.114,161.4060255744
"75",1985-09-03,0.078,243.80804915712
"76",1985-09-17,0.208,133.0891789824
"77",1985-10-15,0.255,46.15645994496
"78",1986-04-23,0.127,30.29902585344
"79",1986-04-25,0.16,22.08714034176
"80",1986-05-02,0.149,137.3367059712
"81",1986-05-03,0.12,188.87336676864
"82",1986-05-04,0.17,197.08525228032
"83",1986-05-05,0.17,104.20599545856
"84",1986-05-13,0.12,112.98421790208
"85",1986-05-20,0.131,249.75458694144
"86",1986-05-28,0.245,282.60212898816
"87",1986-06-04,0.35,971.2678381056
"88",1986-06-12,0.31,639.9607329792
"89",1986-06-17,0.28,976.931207424
"90",1986-06-25,0.231,988.2579460608
"91",1986-07-01,0.201,835.346974464
"92",1986-07-15,0.141,744.7330653696
"93",1986-07-22,0.14,506.8715539968
"94",1986-07-22,0.14,506.8715539968
"95",1986-07-30,0.104,376.6140596736
"96",1986-08-12,0.099,370.9506903552
"97",1986-08-12,0.1,370.9506903552
"98",1986-08-19,0.239,373.7823750144
"99",1986-08-26,0.105,294.4952045568
"100",1986-09-09,0.176,319.9803664896
"101",1987-03-10,0.27,10.19406477312
"102",1987-03-11,0.27,10.19406477312
"103",1987-03-12,0.28,10.19406477312
"104",1987-03-13,0.28,10.19406477312
"105",1987-03-14,0.25,10.19406477312
"106",1987-03-15,0.23,10.19406477312
"107",1987-03-17,0.24,10.19406477312
"108",1987-03-19,0.24,10.19406477312
"109",1987-03-24,0.22,10.19406477312
"110",1987-03-28,0.22,10.19406477312
"111",1987-03-31,0.24,30.29902585344
"112",1987-04-04,0.23,30.29902585344
"113",1987-04-07,0.23,30.29902585344
"114",1987-04-10,0.21,30.29902585344
"115",1987-04-14,0.19,30.29902585344
"116",1987-04-17,0.2,30.29902585344
"117",1987-04-21,0.29,30.29902585344
"118",1987-04-22,0.26,39.36041676288
"119",1987-04-23,0.23,73.05746420736
"120",1987-04-24,0.18,100.80797386752
"121",1987-04-25,0.23,112.13471250432
"122",1987-04-26,0.23,128.8416519936
"123",1987-04-27,0.23,140.45155909632
"124",1987-04-28,0.24,160.83968864256
"125",1987-04-29,0.22,165.93672102912
"126",1987-04-30,0.23,216.34070796288
"127",1987-05-01,0.22,228.80012046336
"128",1987-05-02,0.25,147.2476022784
"129",1987-05-03,0.25,103.92282699264
"130",1987-05-04,0.28,80.98618125312
"131",1987-05-05,0.32,78.72083352576
"132",1987-05-06,0.31,107.6040170496
"133",1987-05-07,0.26,158.29117244928
"134",1987-05-08,0.29,229.08328892928
"135",1987-05-09,0.27,254.851619328
"136",1987-05-10,0.27,261.930830976
"137",1987-05-11,0.249,339.802159104
"138",1987-05-12,0.32,455.9012301312
"139",1987-05-20,0.3,416.2576449024
"140",1987-05-27,0.3,210.39417017856
"141",1987-06-02,0.22,270.14271648768
"142",1987-06-10,0.23,662.6142102528
"143",1987-06-16,0.24,555.0101932032
"144",1987-06-23,0.22,424.75269888
"145",1987-06-30,0.19,631.4656790016
"146",1987-07-07,0.17,370.9506903552
"147",1987-07-14,0.19,373.7823750144
"148",1987-07-21,0.15,390.7724829696
"149",1987-07-28,0.14,447.4061761536
"150",1987-08-04,0.17,385.1091136512
"151",1987-08-11,0.18,322.8120511488
"152",1987-08-18,0.15,212.09318097408
"153",1987-08-18,0.15,212.09318097408
"154",1987-08-26,0.15,265.04568410112
"155",1987-09-01,0.16,186.60801904128
"156",1987-09-08,0.16,136.20403210752
"157",1987-09-15,0.18,168.76840568832
"158",1987-09-24,0.2,94.29509915136
"159",1987-10-05,0.19,50.68715539968
"160",1987-10-13,0.2,38.51091136512
"161",1987-10-20,0.21,38.51091136512
"162",1987-10-27,0.2,38.51091136512
"163",1987-10-27,0.2,38.51091136512
"164",1987-11-03,0.21,30.29902585344
"165",1987-11-10,0.23,30.29902585344
"166",1987-11-24,0.22,30.29902585344
"167",1987-12-01,0.36,10.19406477312
"168",1987-12-08,0.26,10.19406477312
"169",1987-12-08,0.27,10.19406477312
"170",1987-12-15,0.27,10.19406477312
"171",1988-04-21,0.23,34.26338437632
"172",1988-04-23,0.18,25.20199346688
"173",1988-04-26,0.16,16.9901079552
"174",1988-04-28,0.15,18.4059502848
"175",1988-04-29,0.14,33.9802159104
"176",1988-04-29,0.15,33.9802159104
"177",1988-05-01,0.16,62.58023096832
"178",1988-05-03,0.12,47.57230227456
"179",1988-05-05,0.15,47.57230227456
"180",1988-05-07,0.17,47.57230227456
"181",1988-05-10,0.17,48.1386392064
"182",1988-05-12,0.12,201.61594773504
"183",1988-05-15,0.13,229.64962586112
"184",1988-05-17,0.16,229.64962586112
"185",1988-05-18,0.17,178.96247046144
"186",1988-05-22,0.3,125.72679886848
"187",1988-05-23,0.26,235.0298267136
"188",1988-05-31,0.23,267.31103182848
"189",1988-06-07,0.25,702.2577954816
"190",1988-06-14,0.25,526.6933466112
"191",1988-06-21,0.22,688.0993721856
"192",1988-06-28,0.21,1245.941250048
"193",1988-07-05,0.23,654.1191562752
"194",1988-07-12,0.18,424.75269888
"195",1988-07-20,0.17,325.643735808
"196",1988-07-26,0.13,325.643735808
"197",1988-08-02,0.12,390.7724829696
"198",1988-08-02,0.11,390.7724829696
"199",1988-08-09,0.12,291.6635198976
"200",1988-08-16,0.15,257.96647245312
"201",1988-08-23,0.13,225.68526733824
"202",1988-08-30,0.14,171.03375341568
"203",1988-09-06,0.15,123.1782826752
"204",1988-09-13,0.16,149.79611847168
"205",1988-09-20,0.19,78.72083352576
"206",1988-09-20,0.18,78.72083352576
"207",1988-10-04,0.16,47.57230227456
"208",1988-10-11,0.16,41.62576449024
"209",1988-10-18,0.16,33.13071051264
"210",1988-10-25,0.16,33.13071051264
"211",1988-11-01,0.18,30.29902585344
"212",1988-11-01,0.19,30.29902585344
"213",1988-11-08,0.2,30.29902585344
"214",1988-11-15,0.2,30.29902585344
"215",1988-11-22,0.27,30.29902585344
"216",1988-11-29,0.29,30.29902585344
"217",1989-08-08,0.29,319.9803664896
"218",1989-08-15,0.34,436.0794375168
"219",1989-09-12,0.19,100.5248054016
"220",1989-09-19,0.2,82.96836051456
"221",1989-09-26,0.19,73.34063267328
"222",1989-10-03,0.21,71.35845341184
"223",1989-10-10,0.23,43.04160681984
"224",1989-10-17,0.21,47.57230227456
"225",1989-10-24,0.26,50.68715539968
"226",1989-10-31,0.01,30.29902585344
"227",1989-11-07,0.01,30.29902585344
"228",1989-11-14,0.3,30.29902585344
"229",1989-11-21,0.3,30.29902585344
"230",1989-11-28,0.01,30.29902585344
"231",1989-12-05,0.01,10.19406477312
"232",1990-04-24,0.22,30.29902585344
"233",1990-05-01,0.24,30.29902585344
"234",1990-05-08,0.28,57.48319858176
"235",1990-05-15,0.23,79.85350738944
"236",1990-05-22,0.21,270.99222188544
"237",1990-05-29,0.36,487.0497613824
"238",1990-06-05,0.35,787.2083352576
"239",1990-06-12,0.39,761.7231733248
"240",1990-06-19,0.32,662.6142102528
"241",1990-06-26,0.3,699.4261108224
"242",1990-07-03,0.27,676.7726335488
"243",1990-07-10,0.27,569.1686164992
"244",1990-07-17,0.23,441.7428068352
"245",1990-07-24,0.22,402.0992216064
"246",1990-07-31,0.19,305.8219431936
"247",1990-08-07,0.16,244.09121762304
"248",1990-08-14,0.17,302.9902585344
"249",1990-08-21,0.23,286.0001505792
"250",1990-08-28,0.2,183.77633438208
"251",1990-09-04,0.2,227.9506150656
"252",1990-09-04,0.21,227.9506150656
"253",1990-09-11,0.2,158.29117244928
"254",1990-09-18,0.25,133.65551591424
"255",1990-10-02,0.26,114.11689176576
"256",1990-10-09,0.29,98.25945767424
"257",1990-10-16,0.36,68.80993721856
"258",1990-10-23,0.35,57.48319858176
"259",1990-10-23,0.36,57.48319858176
"260",1990-10-30,0.31,57.48319858176
"261",1990-11-06,0.35,30.29902585344
"262",1990-11-13,0.41,30.29902585344
"263",1990-11-13,0.41,30.29902585344
"264",1990-11-20,0.01,30.29902585344
"265",1990-11-27,0.01,30.29902585344
"266",1990-12-04,0.3,10.19406477312
"267",1990-12-11,0.27,10.19406477312
"268",1991-01-02,0.29,0.28316846592
"269",1991-01-15,0.27,0.28316846592
"270",1991-01-15,0.3,0.28316846592
"271",1991-01-22,0.32,0.28316846592
"272",1991-02-12,0.11,0.28316846592
"273",1991-02-26,0.08,0.28316846592
"274",1991-03-05,0.07,10.19406477312
"275",1991-03-12,0.06,10.19406477312
"276",1991-03-12,0.06,10.19406477312
"277",1991-03-19,0.05,10.19406477312
"278",1991-03-26,0.05,10.19406477312
"279",1991-04-02,0.04,30.29902585344
"280",1991-04-09,0.04,30.29902585344
"281",1991-04-16,0.06,30.29902585344
"282",1991-04-23,0.04,30.29902585344
"283",1991-04-30,0.01,30.29902585344
"284",1991-05-07,0.04,30.29902585344
"285",1991-05-07,0.04,30.29902585344
"286",1991-05-14,0.01,136.20403210752
"287",1991-05-14,0.01,136.20403210752
"288",1991-05-21,0.3,478.5547074048
"289",1991-06-04,0.36,605.9805170688
"290",1991-06-04,0.01,605.9805170688
"291",1991-06-18,0.31,532.3567159296
"292",1991-06-25,0.27,450.2378608128
"293",1991-07-02,0.25,424.75269888
"294",1991-07-02,0.24,424.75269888
"295",1991-07-09,0.18,441.7428068352
"296",1991-07-09,0.01,441.7428068352
"297",1991-07-16,0.15,342.6338437632
"298",1991-07-23,0.17,560.6735625216
"299",1991-07-30,0.21,300.1585738752
"300",1991-07-30,0.98,300.1585738752
"301",1991-08-13,0.19,322.8120511488
"302",1991-08-20,0.18,300.1585738752
"303",1991-08-27,0.17,237.8615113728
"304",1991-09-03,0.19,183.49316591616
"305",1991-09-10,0.01,173.86543807488
"306",1991-09-10,0.26,173.86543807488
"307",1991-09-17,0.235,112.70104943616
"308",1991-09-24,0.32,69.65944261632
"309",1991-09-26,0.33,66.82775795712
"310",1991-09-26,0.32,66.82775795712
"311",1991-10-01,0.28,59.18220937728
"312",1991-10-08,0.32,47.57230227456
"313",1991-10-15,0.28,35.39605824
"314",1991-10-15,0.29,35.39605824
"315",1991-10-15,0.01,35.39605824
"316",1991-10-22,0.27,33.13071051264
"317",1991-10-29,0.3,41.0594275584
"318",1991-11-05,0.32,30.29902585344
"319",1991-11-05,0.32,30.29902585344
"320",1991-11-12,0.01,30.29902585344
"321",1991-11-19,0.29,30.29902585344
"322",1991-11-26,0.3,30.29902585344
"323",1991-12-03,0.32,10.19406477312
"324",1991-12-10,0.34,10.19406477312
"325",1991-12-17,0.31,10.19406477312
"326",1991-12-24,0.37,10.19406477312
"327",1991-12-31,0.26,0.28316846592
"328",1992-01-07,0.25,0.28316846592
"329",1992-01-07,0.26,0.28316846592
"330",1992-01-14,0.27,0.28316846592
"331",1992-01-21,0.23,0.28316846592
"332",1992-01-28,0.22,0.28316846592
"333",1992-02-04,0.01,0.28316846592
"334",1992-02-04,0.19,0.28316846592
"335",1992-02-11,0.16,0.28316846592
"336",1992-02-25,0.12,0.28316846592
"337",1992-03-03,0.12,10.19406477312
"338",1992-03-10,0.27,10.19406477312
"339",1992-03-17,0.24,10.19406477312
"340",1992-03-25,0.25,10.19406477312
"341",1992-03-25,0.25,10.19406477312
"342",1992-03-31,0.28,30.29902585344
"343",1992-04-07,0.24,30.29902585344
"344",1992-04-14,0.2,30.29902585344
"345",1992-04-20,0.2,30.29902585344
"346",1992-04-28,0.12,119.21392415232
"347",1992-05-05,0.17,192.5545568256
"348",1992-05-12,0.01,154.3268139264
"349",1992-05-12,0.01,154.3268139264
"350",1992-05-19,0.28,334.1387897856
"351",1992-05-19,0.27,334.1387897856
"352",1992-06-02,0.44,257.6833039872
"353",1992-06-09,0.43,322.8120511488
"354",1992-06-09,0.42,322.8120511488
"355",1992-06-15,0.36,356.7922670592
"356",1992-06-23,0.44,501.2081846784
"357",1992-06-29,0.28,455.9012301312
"358",1992-07-07,0.21,566.33693184
"359",1992-07-07,0.2,566.33693184
"360",1992-07-13,0.23,334.1387897856
"361",1992-07-22,0.17,275.80608580608
"362",1992-07-27,0.18,263.91301023744
"363",1992-08-03,0.23,210.39417017856
"364",1992-08-10,0.17,218.60605569024
"365",1992-08-19,0.13,178.96247046144
"366",1992-09-01,0.25,158.85750938112
"367",1992-09-07,0.33,141.30106449408
"368",1992-09-15,0.26,98.25945767424
"369",1992-09-21,0.34,118.9307556864
"370",1992-09-29,0.3,89.48123523072
"371",1992-10-05,0.32,67.67726335488
"372",1992-10-19,0.31,38.2277428992
"373",1992-10-27,0.25,35.67922670592
"374",1992-10-27,0.25,35.67922670592
"375",1992-11-02,0.29,30.29902585344
"376",1992-11-09,0.34,30.29902585344
"377",1992-11-16,0.35,30.29902585344
"378",1992-11-23,0.35,30.29902585344
"379",1992-11-30,0.31,10.19406477312
"380",1992-12-01,0.32,10.19406477312
"381",1992-12-07,0.43,10.19406477312
"382",1992-12-08,0.43,10.19406477312
"383",1992-12-21,0.3,10.19406477312
"384",1992-12-22,0.37,10.19406477312
"385",1992-12-28,0.34,10.19406477312
"386",1992-12-29,0.35,10.19406477312
"387",1993-01-04,0.3,0.28316846592
"388",1993-01-05,0.33,0.28316846592
"389",1993-01-11,0.33,0.28316846592
"390",1993-01-12,0.34,0.28316846592
"391",1993-01-18,0.25,0.28316846592
"392",1993-01-19,0.29,0.28316846592
"393",1993-01-25,0.3,0.28316846592
"394",1993-02-01,0.23,0.28316846592
"395",1993-02-09,0.28,0.28316846592
"396",1993-02-16,0.26,0.28316846592
"397",1993-02-23,0.29,0.28316846592
"398",1993-03-02,0.31,10.19406477312
"399",1993-03-09,0.27,10.19406477312
"400",1993-03-16,0.28,10.19406477312
"401",1993-03-23,0.25,10.19406477312
"402",1993-03-30,0.28,10.19406477312
"403",1993-04-06,0.28,30.29902585344
"404",1993-04-13,0.26,30.29902585344
"405",1993-04-20,0.26,30.29902585344
"406",1993-04-27,0.3,30.29902585344
"407",1993-05-04,0.26,30.29902585344
"408",1993-05-11,0.24,63.14656790016
"409",1993-05-18,0.27,331.3071051264
"410",1993-05-24,0.31,317.1486818304
"411",1993-06-01,0.29,509.703238656
"412",1993-06-08,0.29,261.36449404416
"413",1993-06-14,0.26,688.0993721856
"414",1993-06-22,0.29,801.3667585536
"415",1993-06-29,0.26,852.3370824192
"416",1993-07-05,0.24,319.9803664896
"417",1993-07-12,0.23,597.4854630912
"418",1993-07-19,0.18,464.3962841088
"419",1993-07-27,0.15,334.1387897856
"420",1993-08-03,0.16,300.1585738752
"421",1993-08-09,0.14,314.3169971712
"422",1993-08-16,0.13,249.75458694144
"423",1993-08-24,0.13,245.79022841856
"424",1993-08-30,0.18,188.02386137088
"425",1993-09-06,0.26,232.1981420544
"426",1993-09-13,0.23,240.41002756608
"427",1993-09-14,0.25,205.297137792
"428",1993-09-20,0.29,199.6337684736
"429",1993-09-28,0.26,128.27531506176
"430",1993-09-28,0.29,128.27531506176
"431",1993-10-05,0.26,92.87925682176
"432",1993-10-12,0.26,96.2772784128
"433",1993-10-19,0.41,82.68519204864
"434",1993-10-26,0.27,67.67726335488
"435",1993-11-01,0.29,30.29902585344
"436",1993-11-02,0.29,30.29902585344
"437",1993-11-09,0.3,30.29902585344
"438",1993-11-16,0.34,30.29902585344
"439",1993-11-23,0.37,30.29902585344
"440",1993-11-30,0.35,10.19406477312
"441",1993-12-07,0.34,10.19406477312
"442",1993-12-14,0.3,10.19406477312
"443",1993-12-21,0.28,10.19406477312
"444",1993-12-28,0.29,10.19406477312
"445",1994-01-04,0.25,0.28316846592
"446",1994-01-10,0.29,0.28316846592
"447",1994-01-17,0.26,0.28316846592
"448",1994-01-25,0.21,0.28316846592
"449",1994-02-01,0.24,0.28316846592
"450",1994-02-08,0.22,0.28316846592
"451",1994-02-15,0.17,0.28316846592
"452",1994-02-22,0.09,0.28316846592
"453",1994-02-28,0.16,10.19406477312
"454",1994-03-01,0.16,10.19406477312
"455",1994-03-08,0.1,10.19406477312
"456",1994-03-15,0.12,10.19406477312
"457",1994-03-22,0.06,10.19406477312
"458",1994-03-29,0.12,10.19406477312
"459",1994-04-05,0.13,30.29902585344
"460",1994-04-12,0.15,30.29902585344
"461",1994-04-19,0.19,30.29902585344
"462",1994-04-26,0.26,30.29902585344
"463",1994-05-02,0.31,30.29902585344
"464",1994-05-10,0.19,317.1486818304
"465",1994-05-17,0.23,385.1091136512
"466",1994-05-24,0.24,328.4754204672
"467",1994-05-31,0.25,860.8321363968
"468",1994-06-07,0.29,523.861661952
"469",1994-06-14,0.24,489.8814460416
"470",1994-06-21,0.24,923.1291988992
"471",1994-06-28,0.21,410.594275584
"472",1994-07-05,0.2,413.4259602432
"473",1994-07-12,0.17,348.2972130816
"474",1994-07-19,0.14,348.2972130816
"475",1994-07-26,0.13,353.9605824
"476",1994-08-02,0.11,300.1585738752
"477",1994-08-09,0.13,305.8219431936
"478",1994-08-16,0.13,297.326889216
"479",1994-08-23,0.15,262.49716790784
"480",1994-08-30,0.2,317.1486818304
"481",1994-09-06,0.27,238.71101677056
"482",1994-09-13,0.25,176.9802912
"483",1994-09-20,0.25,108.73669091328
"484",1994-09-26,0.27,82.68519204864
"485",1994-10-04,0.27,44.74061761536
"486",1994-10-11,0.3,55.78418778624
"487",1994-10-18,0.19,36.24556363776
"488",1994-10-25,0.32,38.51091136512
"489",1994-11-01,0.35,30.29902585344
"490",1994-11-08,0.33,30.29902585344
"491",1994-11-14,0.35,30.29902585344
"492",1994-11-22,0.37,30.29902585344
"493",1994-11-29,0.38,30.29902585344
"494",1994-12-06,0.38,10.19406477312
"495",1994-12-13,0.37,10.19406477312
"496",1994-12-27,0.28,10.19406477312
"497",1995-01-03,0.29,0.28316846592
"498",1995-01-10,0.3,0.28316846592
"499",1995-01-17,0.21,0.28316846592
"500",1995-01-24,0.19,0.28316846592
"501",1995-01-31,0.24,0.28316846592
"502",1995-02-06,0.15,0.28316846592
"503",1995-02-07,0.15,0.28316846592
"504",1995-02-14,0.23,0.28316846592
"505",1995-02-21,0.13,0.28316846592
"506",1995-02-28,0.09,10.19406477312
"507",1995-03-07,0.11,10.19406477312
"508",1995-03-14,0.05,10.19406477312
"509",1995-03-21,0.05,10.19406477312
"510",1995-03-28,0.03,10.19406477312
"511",1995-04-04,0.03,30.29902585344
"512",1995-04-11,0.03,30.29902585344
"513",1995-04-18,0.06,30.29902585344
"514",1995-04-25,0.06,30.29902585344
"515",1995-05-02,0.09,123.74461960704
"516",1995-05-09,0.15,152.34463466496
"517",1995-05-16,0.17,139.03571676672
"518",1995-05-23,0.17,142.43373835776
"519",1995-05-30,0.17,62.58023096832
"520",1995-06-06,0.35,259.94865171456
"521",1995-06-13,0.3,707.9211648
"522",1995-07-04,0.26,557.8418778624
"523",1995-07-11,0.24,1211.9610341376
"524",1995-07-25,0.22,543.6834545664
"525",1995-08-08,0.15,546.5151392256
"526",1995-08-15,0.13,385.1091136512
"527",1995-08-22,0.11,464.3962841088
"528",1995-08-29,0.11,331.3071051264
"529",1995-09-05,0.11,267.02786336256
"530",1995-09-12,0.11,139.88522216448
"531",1995-09-19,0.11,192.27138835968
"532",1995-09-26,0.21,109.86936477696
"533",1995-10-03,0.24,71.35845341184
"534",1995-10-10,0.25,67.67726335488
"535",1995-10-17,0.25,49.27131307008
"536",1995-10-24,0.26,43.04160681984
"537",1995-10-31,0.28,30.29902585344
"538",1995-11-07,0.33,30.29902585344
"539",1995-11-14,0.27,30.29902585344
"540",1995-11-21,0.37,30.29902585344
"541",1995-11-28,0.33,30.29902585344
"542",1995-12-05,0.31,10.19406477312
"543",1996-01-09,0.21,0.28316846592
"544",1996-01-16,0.26,0.28316846592
"545",1996-01-23,0.26,0.28316846592
"546",1996-01-30,0.24,0.28316846592
"547",1996-02-06,0.23,0.28316846592
"548",1996-02-13,0.21,0.28316846592
"549",1996-02-20,0.19,0.28316846592
"550",1996-02-27,0.2,0.28316846592
"551",1996-03-05,0.19,10.19406477312
"552",1996-03-12,0.16,10.19406477312
"553",1996-03-19,0.18,10.19406477312
"554",1996-03-26,0.16,10.19406477312
"555",1996-04-02,0.14,30.29902585344
"556",1996-04-09,0.14,30.29902585344
"557",1996-04-16,0.15,30.29902585344
"558",1996-04-23,0.11,30.29902585344
"559",1996-04-30,0.11,30.29902585344
"560",1996-05-07,0.13,131.39016818688
"561",1996-05-14,0.17,390.7724829696
"562",1996-05-21,0.23,334.1387897856
"563",1996-05-28,0.3,226.25160427008
"564",1996-06-04,0.26,705.0894801408
"565",1996-06-11,0.25,787.2083352576
"566",1996-06-18,0.28,767.3865426432
"567",1996-06-25,0.24,730.5746420736
"568",1996-07-02,0.2,702.2577954816
"569",1996-07-09,0.17,594.653778432
"570",1996-07-16,0.13,588.9904091136
"571",1996-07-23,0.12,430.4160681984
"572",1996-07-30,0.11,540.8517699072
"573",1996-08-06,0.14,348.2972130816
"574",1996-08-13,0.12,269.85954802176
"575",1996-08-20,0.12,267.02786336256
"576",1996-08-27,0.1,249.47141847552
"577",1996-09-03,0.13,168.76840568832
"578",1996-09-10,0.25,206.7129801216
"579",1996-09-17,0.24,206.42981165568
"580",1996-09-24,0.29,261.08132557824
"581",1996-10-01,0.3,166.21988949504
"582",1996-10-08,0.32,139.60205369856
"583",1996-10-15,0.32,104.48916392448
"584",1996-10-22,0.39,86.3663821056
"585",1996-10-29,0.38,86.3663821056
"586",1996-11-05,0.4,30.29902585344
"587",1996-11-12,0.43,30.29902585344
"588",1996-11-19,0.35,30.29902585344
"589",1996-11-26,0.35,30.29902585344
"590",1996-12-03,0.37,10.19406477312
"591",1996-12-10,0.37,10.19406477312
"592",1996-12-17,0.32,10.19406477312
"593",1996-12-23,0.35,10.19406477312
"594",1996-12-31,0.32,0.28316846592
"595",1997-01-07,0.27,0.28316846592
"596",1997-01-14,0.27,0.28316846592
"597",1997-01-21,0.23,0.28316846592
"598",1997-01-28,0.26,0.28316846592
"599",1997-02-04,0.26,0.28316846592
"600",1997-02-11,0.23,0.28316846592
"601",1997-02-18,0.17,0.28316846592
"602",1997-02-25,0.25,0.28316846592
"603",1997-03-04,0.19,10.19406477312
"604",1997-03-12,0.1,10.19406477312
"605",1997-03-18,0.08,10.19406477312
"606",1997-03-25,0.04,10.19406477312
"607",1997-04-01,0.04,30.29902585344
"608",1997-04-08,0.06,30.29902585344
"609",1997-04-15,0.09,30.29902585344
"610",1997-04-22,0.07,30.29902585344
"611",1997-04-29,0.13,97.6931207424
"612",1997-05-06,0.1,128.55848352768
"613",1997-05-13,0.21,168.76840568832
"614",1997-05-20,0.26,209.26149631488
"615",1997-05-27,0.3,225.68526733824
"616",1997-06-03,0.31,1056.2183778816
"617",1997-06-10,0.35,1039.2282699264
"618",1997-06-17,0.28,753.2281193472
"619",1997-06-24,0.25,719.2479034368
"620",1997-07-01,0.25,518.1982926336
"621",1997-07-08,0.23,464.3962841088
"622",1997-07-15,0.19,470.0596534272
"623",1997-07-22,0.16,458.7329147904
"624",1997-07-29,0.14,470.0596534272
"625",1997-08-05,0.18,654.1191562752
"626",1997-08-12,0.24,775.8815966208
"627",1997-08-19,0.23,424.75269888
"628",1997-08-26,0.22,359.6239517184
"629",1997-09-02,0.17,336.9704744448
"630",1997-09-09,0.14,184.34267131392
"631",1997-09-16,0.13,179.52880739328
"632",1997-09-23,0.3,209.5446647808
"633",1997-10-01,0.36,186.60801904128
"634",1997-10-07,0.35,128.55848352768
"635",1997-10-14,0.37,115.24956562944
"636",1997-10-21,0.3,115.24956562944
"637",1997-10-28,0.33,115.24956562944
"638",1997-11-04,0.32,30.29902585344
"639",1997-11-11,0.36,30.29902585344
"640",1997-11-18,0.3,30.29902585344
"641",1997-11-25,0.41,30.29902585344
"642",1997-12-02,0.4,10.19406477312
"643",1997-12-09,0.36,10.19406477312
"644",1997-12-16,0.37,10.19406477312
"645",1997-12-23,0.31,10.19406477312
"646",1997-12-30,0.27,10.19406477312
"647",1998-01-06,0.23,0.28316846592
"648",1998-01-13,0.24,0.28316846592
"649",1998-01-20,0.23,0.28316846592
"650",1998-01-27,0.21,0.28316846592
"651",1998-02-03,0.23,0.28316846592
"652",1998-02-10,0.26,0.28316846592
"653",1998-02-17,0.24,0.28316846592
"654",1998-02-24,0.26,0.28316846592
"655",1998-03-03,0.19,10.19406477312
"656",1998-03-10,0.3,10.19406477312
"657",1998-03-17,0.21,10.19406477312
"658",1998-03-24,0.18,10.19406477312
"659",1998-03-31,0.16,30.29902585344
"660",1998-04-07,0.17,30.29902585344
"661",1998-04-14,0.19,30.29902585344
"662",1998-04-21,0.19,30.29902585344
"663",1998-04-28,0.19,30.29902585344
"664",1998-05-05,0.2,184.059502848
"665",1998-05-12,0.25,206.42981165568
"666",1998-05-19,0.17,427.5843835392
"667",1998-05-26,0.27,470.0596534272
"668",1998-06-02,0.26,668.2775795712
"669",1998-06-09,0.26,267.02786336256
"670",1998-06-16,0.26,396.435852288
"671",1998-06-23,0.29,543.6834545664
"672",1998-06-30,0.28,801.3667585536
"673",1998-07-07,0.25,600.3171477504
"674",1998-07-14,0.21,549.3468238848
"675",1998-07-21,0.16,498.3765000192
"676",1998-07-28,0.19,645.6241022976
"677",1998-08-04,0.18,526.6933466112
"678",1998-08-11,0.18,441.7428068352
"679",1998-08-18,0.19,359.6239517184
"680",1998-08-25,0.2,294.4952045568
"681",1998-09-01,0.17,249.47141847552
"682",1998-09-08,0.15,221.43774034944
"683",1998-09-15,0.18,267.02786336256
"684",1998-09-22,0.22,171.3169218816
"685",1998-09-29,0.23,133.0891789824
"686",1998-10-06,0.26,197.08525228032
"687",1998-10-13,0.29,139.88522216448
"688",1998-10-20,0.29,115.24956562944
"689",1998-10-27,0.28,115.24956562944
"690",1998-11-03,0.3,30.29902585344
"691",1998-11-10,0.31,30.29902585344
"692",1998-11-17,0.35,30.29902585344
"693",1998-11-24,0.34,30.29902585344
"694",1998-12-01,0.33,10.19406477312
"695",1998-12-08,0.33,10.19406477312
"696",1998-12-15,0.31,10.19406477312
"697",1998-12-22,0.28,10.19406477312
"698",1998-12-29,0.25,10.19406477312
"699",1999-01-05,0.22,0.28316846592
"700",1999-01-12,0.19,0.28316846592
"701",1999-01-19,0.2,0.28316846592
"702",1999-01-26,0.24,0.28316846592
"703",1999-02-02,0.16,0.28316846592
"704",1999-02-09,0.22,0.28316846592
"705",1999-02-16,0.16,0.28316846592
"706",1999-02-23,0.17,0.28316846592
"707",1999-03-02,0.09,10.19406477312
"708",1999-03-09,0.05,10.19406477312
"709",1999-03-16,0.05,10.19406477312
"710",1999-03-23,0.04,10.19406477312
"711",1999-03-30,0.04,10.19406477312
"712",1999-04-06,0.04,30.29902585344
"713",1999-04-13,0.07,30.29902585344
"714",1999-04-20,0.09,30.29902585344
"715",1999-04-27,0.14,30.29902585344
"716",1999-04-28,0.12,30.29902585344
"717",1999-05-04,0.15,26.33466733056
"718",1999-05-11,0.19,31.71486818304
"719",1999-05-18,0.16,207.27931705344
"720",1999-05-19,0.15,235.87933211136
"721",1999-05-25,0.39,407.7625909248
"722",1999-06-01,0.32,617.3072557056
"723",1999-06-08,0.3,600.3171477504
"724",1999-06-08,0.3,600.3171477504
"725",1999-06-15,0.34,535.1884005888
"726",1999-06-22,0.34,852.3370824192
"727",1999-06-23,0.33,942.9509915136
"728",1999-06-23,0.33,942.9509915136
"729",1999-06-29,0.29,908.9707756032
"730",1999-06-29,0.29,908.9707756032
"731",1999-07-06,0.23,730.5746420736
"732",1999-07-06,0.24,730.5746420736
"733",1999-07-13,0.19,775.8815966208
"734",1999-07-20,0.18,529.5250312704
"735",1999-07-20,0.18,529.5250312704
"736",1999-07-20,0.18,529.5250312704
"737",1999-07-27,0.16,444.5744914944
"738",1999-08-03,0.16,535.1884005888
"739",1999-08-03,0.16,535.1884005888
"740",1999-08-10,0.2,416.2576449024
"741",1999-08-17,0.2,438.911122176
"742",1999-08-17,0.2,438.911122176
"743",1999-08-24,0.19,402.0992216064
"744",1999-08-31,0.17,331.3071051264
"745",1999-08-31,0.17,331.3071051264
"746",1999-09-07,0.18,331.3071051264
"747",1999-09-14,0.2,302.9902585344
"748",1999-09-15,0.19,281.7526235904
"749",1999-09-21,0.23,231.06546819072
"750",1999-09-23,0.21,172.7327642112
"751",1999-09-28,0.23,134.22185284608
"752",1999-10-05,0.28,100.5248054016
"753",1999-10-12,0.26,103.63965852672
"754",1999-10-12,0.27,103.63965852672
"755",1999-10-19,0.28,78.72083352576
"756",1999-10-26,0.28,54.08517699072
"757",1999-10-26,0.29,54.08517699072
"758",1999-11-02,0.29,49.27131307008
"759",1999-11-05,0.26,43.8911122176
"760",1999-11-09,0.26,41.62576449024
"761",1999-11-16,0.24,35.11288977408
"762",1999-11-16,0.25,35.11288977408
"763",1999-11-23,0.28,26.33466733056
"764",1999-11-30,0.27,10.19406477312
"765",1999-12-07,0.26,10.19406477312
"766",1999-12-14,0.29,10.19406477312
"767",1999-12-15,0.29,10.19406477312
"768",1999-12-21,0.3,10.19406477312
"769",1999-12-28,0.26,10.19406477312
"770",2000-01-04,0.24,0.28316846592
"771",2000-01-11,0.2,0.28316846592
"772",2000-01-18,0.2,0.28316846592
"773",2000-01-20,0.2,0.28316846592
"774",2000-01-25,0.24,0.28316846592
"775",2000-02-01,0.22,0.28316846592
"776",2000-02-08,0.22,0.28316846592
"777",2000-02-15,0.21,0.28316846592
"778",2000-02-22,0.17,0.28316846592
"779",2000-02-23,0.17,0.28316846592
"780",2000-02-29,0.12,10.19406477312
"781",2000-03-07,0.09,10.19406477312
"782",2000-03-14,0.07,10.19406477312
"783",2000-03-15,0.06,10.19406477312
"784",2000-03-21,0.07,10.19406477312
"785",2000-03-28,0.09,10.19406477312
"786",2000-04-04,0.11,10.19406477312
"787",2000-04-11,0.08,10.19406477312
"788",2000-04-18,0.1,37.09506903552
"789",2000-04-25,0.14,39.36041676288
"790",2000-04-28,0.14,146.96443381248
"791",2000-05-02,0.27,214.92486563328
"792",2000-05-09,0.89,234.46348978176
"793",2000-05-09,0.22,234.46348978176
"794",2000-05-16,0.67,233.89715284992
"795",2000-05-23,0.22,835.346974464
"796",2000-05-23,0.22,835.346974464
"797",2000-05-30,0.33,1016.5747926528
"798",2000-06-06,0.34,673.9409488896
"799",2000-06-07,0.33,685.2676875264
"800",2000-06-13,0.3,532.3567159296
"801",2000-06-20,0.3,696.5944261632
"802",2000-06-20,0.3,696.5944261632
"803",2000-06-27,0.3,569.1686164992
"804",2000-07-04,0.25,549.3468238848
"805",2000-07-05,0.24,540.8517699072
"806",2000-07-11,0.19,487.0497613824
"807",2000-07-18,0.23,600.3171477504
"808",2000-07-18,0.24,600.3171477504
"809",2000-07-25,0.2,334.1387897856
"810",2000-08-01,0.15,277.22192813568
"811",2000-08-08,0.13,218.60605569024
"812",2000-08-08,0.13,218.60605569024
"813",2000-08-15,0.14,218.60605569024
"814",2000-08-22,0.18,226.81794120192
"815",2000-08-29,0.21,416.2576449024
"816",2000-08-30,0.24,396.435852288
"817",2000-09-05,0.33,236.72883750912
"818",2000-09-12,0.3,167.63573182464
"819",2000-09-19,0.3,131.95650511872
"820",2000-09-19,0.28,131.95650511872
"821",2000-09-26,0.35,197.08525228032
"822",2000-10-03,0.42,170.18424801792
"823",2000-10-10,0.44,103.63965852672
"824",2000-10-10,0.43,103.63965852672
"825",2000-10-17,0.47,65.97825255936
"826",2000-10-24,0.44,51.53666079744
"827",2000-10-31,0.41,30.29902585344
"828",2000-11-07,0.47,30.29902585344
"829",2000-11-14,0.51,30.29902585344
"830",2000-11-21,0.53,30.29902585344
"831",2000-11-28,0.49,30.29902585344
"832",2000-12-05,0.44,10.19406477312
"833",2000-12-12,0.38,10.19406477312
"834",2000-12-19,0.39,10.19406477312
"835",2000-12-26,0.38,10.19406477312
"836",2001-01-02,0.38,0.28316846592
"837",2001-01-09,0.35,0.28316846592
"838",2001-01-16,0.32,0.28316846592
"839",2001-01-23,0.33,0.28316846592
"840",2001-01-30,0.29,0.28316846592
"841",2001-02-06,0.28,0.28316846592
"842",2001-02-06,0.27,0.28316846592
"843",2001-02-13,0.2,0.28316846592
"844",2001-02-20,0.14,0.28316846592
"845",2001-02-27,0.13,0.28316846592
"846",2001-03-06,0.12,10.19406477312
"847",2001-03-07,0.11,10.19406477312
"848",2001-03-13,0.2,10.19406477312
"849",2001-03-20,0.2,10.19406477312
"850",2001-03-27,0.18,10.19406477312
"851",2001-04-03,0.21,30.29902585344
"852",2001-04-10,0.11,30.29902585344
"853",2001-04-10,0.11,30.29902585344
"854",2001-04-17,0.11,30.29902585344
"855",2001-04-24,0.18,49.27131307008
"856",2001-05-01,0.21,217.19021336064
"857",2001-05-01,0.2,217.19021336064
"858",2001-05-08,0.25,97.97628920832
"859",2001-05-15,0.24,523.861661952
"860",2001-05-22,0.32,191.98821989376
"861",2001-05-22,0.32,191.98821989376
"862",2001-05-29,0.3,311.485312512
"863",2001-06-05,0.33,353.9605824
"864",2001-06-12,0.38,419.0893295616
"865",2001-06-13,0.37,319.9803664896
"866",2001-06-19,0.34,387.9407983104
"867",2001-06-26,0.32,628.6339943424
"868",2001-07-03,0.26,512.5349233152
"869",2001-07-10,0.23,444.5744914944
"870",2001-07-10,0.23,444.5744914944
"871",2001-07-17,0.22,314.3169971712
"872",2001-07-24,0.2,288.8318352384
"873",2001-07-31,0.2,280.90311819264
"874",2001-08-07,0.25,586.1587244544
"875",2001-08-14,0.45,436.0794375168
"876",2001-08-14,0.45,436.0794375168
"877",2001-08-21,0.47,281.7526235904
"878",2001-08-28,0.4,189.15653523456
"879",2001-09-04,0.38,151.77829773312
"880",2001-09-11,0.44,133.0891789824
"881",2001-09-11,0.38,133.0891789824
"882",2001-09-18,0.55,171.03375341568
"883",2001-09-25,0.48,131.95650511872
"884",2001-10-02,0.45,91.46341449216
"885",2001-10-09,0.47,30.29902585344
"886",2001-10-09,0.46,30.29902585344
"887",2001-10-16,0.5,30.29902585344
"888",2001-10-23,0.47,30.29902585344
"889",2001-10-30,0.45,30.29902585344
"890",2001-11-06,0.46,30.29902585344
"891",2001-11-13,0.42,30.29902585344
"892",2001-11-20,0.43,30.29902585344
"893",2001-11-27,0.42,30.29902585344
"894",2001-12-04,0.47,10.19406477312
"895",2001-12-11,0.46,10.19406477312
"896",2001-12-18,0.51,10.19406477312
"897",2001-12-25,0.45,10.19406477312
"898",2002-01-01,0.4,0.28316846592
"899",2002-01-08,0.35,0.28316846592
"900",2002-01-15,0.31,0.28316846592
"901",2002-01-22,0.29,0.28316846592
"902",2002-01-29,0.28,0.28316846592
"903",2002-02-05,0.26,0.28316846592
"904",2002-02-12,0.24,0.28316846592
"905",2002-02-19,0.21,0.28316846592
"906",2002-02-26,0.23,0.28316846592
"907",2002-03-05,0.21,10.19406477312
"908",2002-03-12,0.14,10.19406477312
"909",2002-03-19,0.14,10.19406477312
"910",2002-03-26,0.09,10.19406477312
"911",2002-04-02,0.08,10.19406477312
"912",2002-04-03,0.07,10.19406477312
"913",2002-04-09,0.05,10.19406477312
"914",2002-04-10,0.06,10.19406477312
"915",2002-04-16,0.11,25.20199346688
"916",2002-04-17,0.11,26.33466733056
"917",2002-04-23,0.1,22.6534772736
"918",2002-04-23,0.09,22.6534772736
"919",2002-04-30,0.08,45.3069545472
"920",2002-04-30,0.08,45.3069545472
"921",2002-05-07,0.1,109.86936477696
"922",2002-05-07,0.1,109.86936477696
"923",2002-05-14,0.12,81.55251818496
"924",2002-05-14,0.12,81.55251818496
"925",2002-05-21,0.25,217.19021336064
"926",2002-05-21,0.26,217.19021336064
"927",2002-05-28,0.25,209.26149631488
"928",2002-05-28,0.25,209.26149631488
"929",2002-06-04,0.39,393.6041676288
"930",2002-06-04,0.4,393.6041676288
"931",2002-06-11,0.4,348.2972130816
"932",2002-06-11,0.42,348.2972130816
"933",2002-06-18,0.41,319.9803664896
"934",2002-06-18,0.43,319.9803664896
"935",2002-06-25,0.37,336.9704744448
"936",2002-06-25,0.38,336.9704744448
"937",2002-07-02,0.31,265.32885256704
"938",2002-07-02,0.33,265.32885256704
"939",2002-07-09,0.3,300.1585738752
"940",2002-07-09,0.3,300.1585738752
"941",2002-07-16,0.28,246.63973381632
"942",2002-07-16,0.29,246.63973381632
"943",2002-07-23,0.3,246.63973381632
"944",2002-07-30,0.29,189.15653523456
"945",2002-07-30,0.29,189.15653523456
"946",2002-08-06,0.32,243.80804915712
"947",2002-08-13,0.4,144.69908608512
"948",2002-08-13,0.4,144.69908608512
"949",2002-08-13,0.35,144.69908608512
"950",2002-08-20,0.41,137.61987443712
"951",2002-08-20,0.41,137.61987443712
"952",2002-08-27,0.37,122.89511420928
"953",2002-09-03,0.33,99.39213153792
"954",2002-09-03,0.34,99.39213153792
"955",2002-09-10,0.35,112.13471250432
"956",2002-09-10,0.35,112.13471250432
"957",2002-09-17,0.5,133.93868438016
"958",2002-09-17,0.5,133.93868438016
"959",2002-09-24,0.55,100.24163693568
"960",2002-09-24,0.55,100.24163693568
"961",2002-10-01,0.57,71.35845341184
"962",2002-10-01,0.56,71.35845341184
"963",2002-10-08,0.59,62.2970625024
"964",2002-10-09,0.59,60.8812201728
"965",2002-10-15,0.62,51.81982926336
"966",2002-10-22,0.57,41.34259602432
"967",2002-10-23,0.56,39.92675369472
"968",2002-10-27,0.57,33.69704744448
"969",2002-10-29,0.56,30.86536278528
"970",2002-11-05,0.58,30.29902585344
"971",2002-11-12,0.49,30.29902585344
"972",2002-11-14,0.46,30.29902585344
"973",2002-11-19,0.6,30.29902585344
"974",2002-11-26,0.63,30.29902585344
"975",2002-12-03,0.66,10.19406477312
"976",2002-12-04,0.65,10.19406477312
"977",2002-12-10,0.65,10.19406477312
"978",2002-12-17,0.57,10.19406477312
"979",2002-12-24,0.54,10.19406477312
"980",2002-12-31,0.51,0.28316846592
"981",2003-01-07,0.46,0.28316846592
"982",2003-01-14,0.42,0.28316846592
"983",2003-01-14,0.43,0.28316846592
"984",2003-01-21,0.39,0.28316846592
"985",2003-01-28,0.33,0.28316846592
"986",2003-02-04,0.29,0.28316846592
"987",2003-02-11,0.34,0.28316846592
"988",2003-02-18,0.35,0.28316846592
"989",2003-02-25,0.4,0.28316846592
"990",2003-03-04,0.35,10.19406477312
"991",2003-03-11,0.28,10.19406477312
"992",2003-03-12,0.28,10.19406477312
"993",2003-03-25,0.45,10.19406477312
"994",2003-04-01,0.4,30.29902585344
"995",2003-04-08,0.41,30.29902585344
"996",2003-04-10,0.42,30.29902585344
"997",2003-04-15,0.34,30.29902585344
"998",2003-04-17,0.15,30.29902585344
"999",2003-04-22,0.27,30.29902585344
"1000",2003-04-23,0.28,30.29902585344
"1001",2003-04-29,0.19,30.29902585344
"1002",2003-04-30,0.22,30.29902585344
"1003",2003-05-06,0.19,30.29902585344
"1004",2003-05-07,0.21,30.29902585344
"1005",2003-05-13,0.25,41.34259602432
"1006",2003-05-16,0.29,291.6635198976
"1007",2003-05-20,0.36,209.26149631488
"1008",2003-05-20,0.38,209.26149631488
"1009",2003-05-27,0.45,815.5251818496
"1010",2003-05-28,0.57,778.71328128
"1011",2003-06-03,0.5,1002.4163693568
"1012",2003-06-05,0.54,843.8420284416
"1013",2003-06-10,0.45,985.4262614016
"1014",2003-06-10,0.46,985.4262614016
"1015",2003-06-13,0.43,1016.5747926528
"1016",2003-06-17,0.46,775.8815966208
"1017",2003-06-17,0.46,775.8815966208
"1018",2003-06-24,0.4,750.396434688
"1019",2003-06-24,0.4,750.396434688
"1020",2003-07-01,0.34,747.5647500288
"1021",2003-07-01,0.35,747.5647500288
"1022",2003-07-01,0.34,747.5647500288
"1023",2003-07-08,0.27,628.6339943424
"1024",2003-07-08,0.27,628.6339943424
"1025",2003-07-15,0.23,523.861661952
"1026",2003-07-15,0.21,523.861661952
"1027",2003-07-22,0.24,535.1884005888
"1028",2003-07-22,0.22,535.1884005888
"1029",2003-07-29,0.26,487.0497613824
"1030",2003-07-29,0.28,487.0497613824
"1031",2003-08-05,0.25,404.9309062656
"1032",2003-08-06,0.26,385.1091136512
"1033",2003-08-12,0.24,288.8318352384
"1034",2003-08-12,0.26,288.8318352384
"1035",2003-08-19,0.34,470.0596534272
"1036",2003-08-21,0.38,390.7724829696
"1037",2003-08-26,0.36,288.8318352384
"1038",2003-08-28,0.35,263.91301023744
"1039",2003-09-02,0.34,228.23378353152
"1040",2003-09-09,0.4,275.80608580608
"1041",2003-09-09,0.39,275.80608580608
"1042",2003-09-16,0.48,177.82979659776
"1043",2003-09-16,0.5,177.82979659776
"1044",2003-09-23,0.5,93.4455937536
"1045",2003-09-23,0.56,93.4455937536
"1046",2003-09-30,0.48,70.50894801408
"1047",2003-09-30,0.49,70.50894801408
"1048",2003-10-07,0.45,63.42973636608
"1049",2003-10-07,0.44,63.42973636608
"1050",2003-10-13,0.46,50.12081846784
"1051",2003-10-14,0.45,57.48319858176
"1052",2003-10-21,0.48,54.08517699072
"1053",2003-10-21,0.47,54.08517699072
"1054",2003-10-28,0.48,30.29902585344
"1055",2003-11-04,0.49,30.29902585344
"1056",2003-11-11,0.55,30.29902585344
"1057",2003-11-18,0.53,30.29902585344
"1058",2003-11-25,0.66,30.29902585344
"1059",2003-11-25,0.58,30.29902585344
"1060",2003-12-02,0.64,10.19406477312
"1061",2003-12-09,0.54,10.19406477312
"1062",2003-12-16,0.51,10.19406477312
"1063",2003-12-23,0.51,10.19406477312
"1064",2003-12-30,0.49,10.19406477312
"1065",2004-01-06,0.51,0.28316846592
"1066",2004-01-08,0.47,0.28316846592
"1067",2004-01-13,0.45,0.28316846592
"1068",2004-01-20,0.39,0.28316846592
"1069",2004-01-27,0.38,0.28316846592
"1070",2004-02-03,0.39,0.28316846592
"1071",2004-02-04,0.36,0.28316846592
"1072",2004-02-10,0.36,0.28316846592
"1073",2004-02-17,0.34,0.28316846592
"1074",2004-02-24,0.28,0.28316846592
"1075",2004-03-02,0.25,10.19406477312
"1076",2004-03-03,0.22,10.19406477312
"1077",2004-03-09,0.23,10.19406477312
"1078",2004-03-16,0.13,10.19406477312
"1079",2004-03-23,0.1,10.19406477312
"1080",2004-03-30,0.13,10.19406477312
"1081",2004-04-06,0.18,35.67922670592
"1082",2004-04-06,0.17,35.67922670592
"1083",2004-04-13,0.26,28.88318352384
"1084",2004-04-13,0.27,28.88318352384
"1085",2004-04-20,0.27,40.77625909248
"1086",2004-04-20,0.23,40.77625909248
"1087",2004-04-27,0.33,47.00596534272
"1088",2004-04-29,0.27,48.1386392064
"1089",2004-05-04,0.3,220.02189801984
"1090",2004-05-05,0.34,322.8120511488
"1091",2004-05-11,0.49,376.6140596736
"1092",2004-05-11,0.57,376.6140596736
"1093",2004-05-18,0.62,382.277428992
"1094",2004-05-19,0.46,458.7329147904
"1095",2004-05-19,0.46,458.7329147904
"1096",2004-05-25,0.46,235.87933211136
"1097",2004-05-25,0.43,235.87933211136
"1098",2004-06-01,0.47,226.81794120192
"1099",2004-06-01,0.42,226.81794120192
"1100",2004-06-08,0.51,739.0696960512
"1101",2004-06-08,0.51,739.0696960512
"1102",2004-06-08,0.48,739.0696960512
"1103",2004-06-15,0.52,628.6339943424
"1104",2004-06-15,0.5,628.6339943424
"1105",2004-06-22,0.6,492.7131307008
"1106",2004-06-23,0.59,492.7131307008
"1107",2004-06-29,0.52,906.139090944
"1108",2004-06-29,0.52,906.139090944
"1109",2004-07-06,0.47,444.5744914944
"1110",2004-07-06,0.47,444.5744914944
"1111",2004-07-13,0.41,515.3666079744
"1112",2004-07-13,0.37,515.3666079744
"1113",2004-07-20,0.41,676.7726335488
"1114",2004-07-20,0.4,676.7726335488
"1115",2004-07-20,0.4,676.7726335488
"1116",2004-07-27,0.39,385.1091136512
"1117",2004-07-27,0.39,385.1091136512
"1118",2004-08-03,0.36,353.9605824
"1119",2004-08-03,0.36,353.9605824
"1120",2004-08-10,0.3,245.22389148672
"1121",2004-08-10,0.3,245.22389148672
"1122",2004-08-10,0.27,245.22389148672
"1123",2004-08-17,0.29,222.00407728128
"1124",2004-08-17,0.28,222.00407728128
"1125",2004-08-24,0.39,240.97636449792
"1126",2004-08-24,0.38,240.97636449792
"1127",2004-08-31,0.42,168.76840568832
"1128",2004-08-31,0.41,168.76840568832
"1129",2004-09-07,0.42,143.0000752896
"1130",2004-09-07,0.42,143.0000752896
"1131",2004-09-09,0.43,140.73472756224
"1132",2004-09-14,0.43,148.09710767616
"1133",2004-09-14,0.44,148.09710767616
"1134",2004-09-14,0.41,148.09710767616
"1135",2004-09-21,0.42,180.94464972288
"1136",2004-09-21,0.44,180.94464972288
"1137",2004-09-28,0.48,159.70701477888
"1138",2004-09-28,0.45,159.70701477888
"1139",2004-10-05,0.53,189.15653523456
"1140",2004-10-05,0.49,189.15653523456
"1141",2004-10-12,0.5,118.08125028864
"1142",2004-10-12,0.52,118.08125028864
"1143",2004-10-19,0.52,92.029751424
"1144",2004-10-19,0.51,92.029751424
"1145",2004-10-26,0.53,71.35845341184
"1146",2004-11-02,0.6,30.29902585344
"1147",2004-11-09,0.48,30.29902585344
"1148",2004-11-11,0.54,30.29902585344
"1149",2004-11-16,0.49,30.29902585344
"1150",2004-11-23,0.56,30.29902585344
"1151",2004-11-30,0.47,10.19406477312
"1152",2004-12-01,0.4,10.19406477312
"1153",2004-12-07,0.54,10.19406477312
"1154",2004-12-14,0.52,10.19406477312
"1155",2004-12-21,0.47,10.19406477312
"1156",2004-12-28,0.39,10.19406477312
"1157",2005-01-04,0.4,0.28316846592
"1158",2005-01-11,0.39,0.28316846592
"1159",2005-01-18,0.32,0.28316846592
"1160",2005-01-18,0.34,0.28316846592
"1161",2005-01-25,0.3,0.28316846592
"1162",2005-02-01,0.29,0.28316846592
"1163",2005-02-08,0.28,0.28316846592
"1164",2005-02-15,0.22,0.28316846592
"1165",2005-02-22,0.21,0.28316846592
"1166",2005-02-22,0.22,0.28316846592
"1167",2005-02-22,0.21,0.28316846592
"1168",2005-03-01,0.2,10.19406477312
"1169",2005-03-08,0.2,10.19406477312
"1170",2005-03-15,0.16,10.19406477312
"1171",2005-03-22,0.17,10.19406477312
"1172",2005-03-22,0.18,10.19406477312
"1173",2005-03-29,0.19,10.19406477312
"1174",2005-04-05,0.18,30.29902585344
"1175",2005-04-07,0.21,30.29902585344
"1176",2005-04-12,0.19,30.29902585344
"1177",2005-04-15,0.22,30.29902585344
"1178",2005-04-19,0.28,117.5149133568
"1179",2005-04-26,0.21,49.27131307008
"1180",2005-04-26,0.22,49.27131307008
"1181",2005-05-03,0.3,31.71486818304
"1182",2005-05-03,0.32,31.71486818304
"1183",2005-05-10,0.27,159.70701477888
"1184",2005-05-10,0.25,159.70701477888
"1185",2005-05-17,0.33,164.2377102336
"1186",2005-05-17,0.26,164.2377102336
"1187",2005-05-24,0.44,603.1488324096
"1188",2005-05-24,0.41,603.1488324096
"1189",2005-05-31,0.44,484.2180767232
"1190",2005-06-02,0.4,637.12904832
"1191",2005-06-07,0.47,523.861661952
"1192",2005-06-07,0.46,523.861661952
"1193",2005-06-14,0.44,464.3962841088
"1194",2005-06-14,0.45,464.3962841088
"1195",2005-06-21,0.44,775.8815966208
"1196",2005-06-21,0.44,775.8815966208
"1197",2005-06-28,0.39,617.3072557056
"1198",2005-06-28,0.39,617.3072557056
"1199",2005-07-05,0.33,475.7230227456
"1200",2005-07-05,0.33,475.7230227456
"1201",2005-07-12,0.28,560.6735625216
"1202",2005-07-12,0.28,560.6735625216
"1203",2005-07-12,0.28,560.6735625216
"1204",2005-07-19,0.32,484.2180767232
"1205",2005-07-19,0.31,484.2180767232
"1206",2005-07-26,0.29,538.020085248
"1207",2005-07-26,0.28,538.020085248
"1208",2005-08-02,0.28,931.6242528768
"1209",2005-08-02,0.27,931.6242528768
"1210",2005-08-09,0.35,441.7428068352
"1211",2005-08-09,0.34,441.7428068352
"1212",2005-08-16,0.32,339.802159104
"1213",2005-08-16,0.31,339.802159104
"1214",2005-08-23,0.31,249.47141847552
"1215",2005-08-23,0.3,249.47141847552
"1216",2005-08-30,0.26,191.70505142784
"1217",2005-09-01,0.26,172.7327642112
"1218",2005-09-06,0.24,157.72483551744
"1219",2005-09-06,0.24,157.72483551744
"1220",2005-09-06,0.24,157.72483551744
"1221",2005-09-13,0.22,139.88522216448
"1222",2005-09-13,0.22,139.88522216448
"1223",2005-09-19,0.23,90.33074062848
"1224",2005-09-27,0.23,135.35452670976
"1225",2005-09-27,0.23,135.35452670976
"1226",2005-10-04,0.29,135.35452670976
"1227",2005-10-04,0.29,135.35452670976
"1228",2005-10-11,0.36,119.49709261824
"1229",2005-10-18,0.4,71.35845341184
"1230",2005-10-18,0.4,71.35845341184
"1231",2005-10-25,0.42,71.35845341184
"1232",2005-11-01,0.46,30.29902585344
"1233",2005-11-08,0.47,30.29902585344
"1234",2005-11-15,0.17,30.29902585344
"1235",2005-11-22,0.5,30.29902585344
"1236",2005-11-29,0.59,30.29902585344
"1237",2005-12-13,0.47,10.19406477312
"1238",2005-12-20,0.49,10.19406477312
"1239",2005-12-22,0.47,10.19406477312
"1240",2005-12-27,0.42,10.19406477312
"1241",2006-01-03,0.42,0.28316846592
"1242",2006-01-10,0.42,0.28316846592
"1243",2006-01-17,0.4,0.28316846592
"1244",2006-01-24,0.34,0.28316846592
"1245",2006-01-31,0.36,0.28316846592
"1246",2006-02-07,0.32,0.28316846592
"1247",2006-02-07,0.33,0.28316846592
"1248",2006-02-14,0.41,0.28316846592
"1249",2006-02-21,0.37,0.28316846592
"1250",2006-02-28,0.32,10.19406477312
"1251",2006-03-07,0.21,10.19406477312
"1252",2006-03-14,0.33,10.19406477312
"1253",2006-03-21,0.28,10.19406477312
"1254",2006-03-22,0.3,10.19406477312
"1255",2006-03-28,0.32,10.19406477312
"1256",2006-04-04,0.26,30.29902585344
"1257",2006-04-04,0.25,30.29902585344
"1258",2006-04-11,0.19,30.29902585344
"1259",2006-04-11,0.19,30.29902585344
"1260",2006-04-18,0.19,117.5149133568
"1261",2006-04-20,0.19,90.33074062848
"1262",2006-04-25,0.19,56.633693184
"1263",2006-04-26,0.23,50.12081846784
"1264",2006-05-02,0.2,30.01585738752
"1265",2006-05-03,0.19,31.71486818304
"1266",2006-05-09,0.23,86.08321363968
"1267",2006-05-09,0.23,86.08321363968
"1268",2006-05-16,0.24,176.9802912
"1269",2006-05-16,0.24,176.9802912
"1270",2006-05-23,0.34,509.703238656
"1271",2006-05-23,0.34,509.703238656
"1272",2006-05-30,0.35,555.0101932032
"1273",2006-05-30,0.36,555.0101932032
"1274",2006-06-06,0.35,574.8319858176
"1275",2006-06-06,0.35,574.8319858176
"1276",2006-06-13,0.36,356.7922670592
"1277",2006-06-13,0.36,356.7922670592
"1278",2006-06-20,0.31,897.6440369664
"1279",2006-06-20,0.31,897.6440369664
"1280",2006-06-27,0.28,659.7825255936
"1281",2006-06-27,0.27,659.7825255936
"1282",2006-07-03,0.25,574.8319858176
"1283",2006-07-04,0.25,523.861661952
"1284",2006-07-11,0.35,506.8715539968
"1285",2006-07-11,0.35,506.8715539968
"1286",2006-07-18,0.27,532.3567159296
"1287",2006-07-18,0.27,532.3567159296
"1288",2006-07-25,0.23,730.5746420736
"1289",2006-07-25,0.23,730.5746420736
"1290",2006-08-01,0.23,583.3270397952
"1291",2006-08-02,0.23,917.4658295808
"1292",2006-08-08,0.21,407.7625909248
"1293",2006-08-08,0.2,407.7625909248
"1294",2006-08-15,0.19,359.6239517184
"1295",2006-08-15,0.18,359.6239517184
"1296",2006-08-22,0.21,175.5644488704
"1297",2006-08-22,0.2,175.5644488704
"1298",2006-08-29,0.24,124.5941250048
"1299",2006-08-29,0.24,124.5941250048
"1300",2006-09-05,0.25,90.6139090944
"1301",2006-09-05,0.25,90.6139090944
"1302",2006-09-12,0.33,144.4159176192
"1303",2006-09-12,0.33,144.4159176192
"1304",2006-09-19,0.41,87.7822244352
"1305",2006-09-19,0.41,87.7822244352
"1306",2006-09-26,0.44,56.633693184
"1307",2006-09-27,0.44,56.633693184
"1308",2006-10-03,0.41,48.1386392064
"1309",2006-10-10,0.39,48.1386392064
"1310",2006-10-17,0.43,48.1386392064
"1311",2006-10-23,0.46,24.91882500096
"1312",2006-10-24,0.45,24.91882500096
"1313",2006-10-31,0.49,18.12278181888
"1314",2006-11-07,0.54,13.87525483008
"1315",2006-11-14,0.51,12.45941250048
"1316",2006-11-17,0.47,10.19406477312
"1317",2006-11-21,0.46,10.19406477312
"1318",2006-11-28,0.5,10.19406477312
"1319",2006-12-05,0.49,8.4950539776
"1320",2006-12-08,0.51,7.079211648
"1321",2006-12-12,0.45,7.079211648
"1322",2006-12-19,0.42,7.64554857984
"1323",2007-01-02,0.36,6.79604318208
"1324",2007-01-16,0.35,6.79604318208
"1325",2007-01-23,0.5,6.79604318208
"1326",2007-01-23,0.37,6.79604318208
"1327",2007-01-30,0.33,6.79604318208
"1328",2007-02-06,0.41,6.79604318208
"1329",2007-02-13,0.37,6.79604318208
"1330",2007-02-20,0.27,6.79604318208
"1331",2007-02-27,0.23,6.79604318208
"1332",2007-03-06,0.23,6.79604318208
"1333",2007-03-13,0.17,6.79604318208
"1334",2007-03-20,0.11,6.79604318208
"1335",2007-03-27,0.15,10.19406477312
"1336",2007-04-03,0.15,7.36238011392
"1337",2007-04-10,0.13,6.79604318208
"1338",2007-04-17,0.14,8.4950539776
"1339",2007-04-24,0.17,11.89307556864
"1340",2007-05-01,0.21,235.0298267136
"1341",2007-05-08,0.38,42.475269888
"1342",2007-05-15,0.36,481.386392064
"1343",2007-05-22,0.31,311.485312512
"1344",2007-05-29,0.31,368.119005696
"1345",2007-06-05,0.33,424.75269888
"1346",2007-06-12,0.33,453.069545472
"1347",2007-06-19,0.37,538.020085248
"1348",2007-06-26,0.33,538.020085248
"1349",2007-07-03,0.28,509.703238656
"1350",2007-07-10,0.27,396.435852288
"1351",2007-07-17,0.23,339.802159104
"1352",2007-07-24,0.21,311.485312512
"1353",2007-07-31,0.21,220.8714034176
"1354",2007-08-07,0.23,368.119005696
"1355",2007-08-14,0.3,311.485312512
"1356",2007-08-21,0.35,215.2080340992
"1357",2007-08-28,0.35,138.7525483008
"1358",2007-09-04,0.33,96.2772784128
"1359",2007-09-11,0.44,116.0990710272
"1360",2007-09-18,0.45,198.217926144
"1361",2007-09-25,0.49,79.2871704576
"1362",2007-10-02,0.5,137.05353750528
"1363",2007-10-09,0.52,94.29509915136
"1364",2007-10-16,0.5,73.6238011392
"1365",2007-10-23,0.54,56.633693184
"1366",2007-10-30,0.46,44.17428068352
"1367",2007-11-06,0.48,17.27327642112
"1368",2007-11-13,0.48,14.44159176192
"1369",2007-11-20,0.49,12.7425809664
"1370",2007-11-27,0.52,11.04357017088
"1371",2007-12-04,0.57,9.06139090944
"1372",2007-12-11,0.48,7.36238011392
"1373",2007-12-18,0.4,5.6633693184
"1374",2007-12-24,0.44,5.38020085248
"1375",2008-01-01,0.43,4.81386392064
"1376",2008-01-08,0.43,4.2475269888
"1377",2008-01-15,0.38,3.96435852288
"1378",2008-01-22,0.41,3.39802159104
"1379",2008-01-29,0.41,2.8316846592
"1380",2008-02-05,0.4,2.54851619328
"1381",2008-02-12,0.36,1.98217926144
"1382",2008-02-19,0.29,1.4158423296
"1383",2008-02-26,0.24,1.13267386368
"1384",2008-03-04,0.15,0.56633693184
"1385",2008-03-11,0.15,0.56633693184
"1386",2008-03-18,0.14,1.98217926144
"1387",2008-03-25,0.11,3.39802159104
"1388",2008-04-01,0.08,4.81386392064
"1389",2008-04-08,0.1,7.079211648
"1390",2008-04-15,0.15,12.17624403456
"1391",2008-04-22,0.23,17.83961335296
"1392",2008-04-29,0.18,24.63565653504
"1393",2008-05-06,0.15,31.99803664896
"1394",2008-05-13,0.18,77.871328128
"1395",2008-05-20,0.19,444.5744914944
"1396",2008-05-27,0.3,265.89518949888
"1397",2008-06-03,0.27,532.3567159296
"1398",2008-06-10,0.33,413.4259602432
"1399",2008-06-17,0.28,639.9607329792
"1400",2008-06-24,0.33,741.9013807104
"1401",2008-07-01,0.33,668.2775795712
"1402",2008-07-08,0.28,453.069545472
"1403",2008-07-15,0.23,402.0992216064
"1404",2008-07-22,0.23,546.5151392256
"1405",2008-07-29,0.23,351.1288977408
"1406",2008-08-05,0.21,297.326889216
"1407",2008-08-12,0.2,281.7526235904
"1408",2008-08-19,0.35,297.326889216
"1409",2008-08-26,0.35,291.6635198976
"1410",2008-09-02,0.3,209.26149631488
"1411",2008-09-09,0.28,168.76840568832
"1412",2008-09-16,0.31,168.76840568832
"1413",2008-09-23,0.36,167.91890029056
"1414",2008-09-30,0.37,131.39016818688
"1415",2008-10-07,0.37,115.81590256128
"1416",2008-10-14,0.39,99.39213153792
"1417",2008-10-21,0.37,87.49905596928
"1418",2008-10-28,0.38,69.3762741504
"1419",2008-11-04,0.34,56.633693184
"1420",2008-11-11,0.41,46.7227968768
"1421",2008-11-18,0.46,40.49309062656
"1422",2008-11-25,0.42,34.54655284224
"1423",2008-12-02,0.47,28.88318352384
"1424",2008-12-09,0.41,23.50298267136
"1425",2008-12-16,0.38,18.4059502848
"1426",2008-12-23,0.38,13.59208636416
"1427",2008-12-30,0.36,9.06139090944
"1428",2009-01-06,0.27,5.09703238656
"1429",2009-01-13,0.29,1.4158423296
"1430",2009-01-20,0.21,-1.98217926144
"1431",2009-01-27,0.2,-4.81386392064
"1432",2009-02-03,0.15,-5.6633693184
"1433",2009-02-10,0.19,-5.09703238656
"1434",2009-02-17,0.19,-4.81386392064
"1435",2009-02-24,0.1,-4.2475269888
"1436",2009-03-03,0.08,-3.96435852288
"1437",2009-03-10,0.05,-3.39802159104
"1438",2009-03-17,0.04,-3.11485312512
"1439",2009-03-24,0.03,-2.54851619328
"1440",2009-03-31,0.03,-2.26534772736
"1441",2009-04-07,0.03,-1.69901079552
"1442",2009-04-14,0.03,-1.4158423296
"1443",2009-04-21,0.07,1.98217926144
"1444",2009-04-28,0.13,7.36238011392
"1445",2009-05-05,0.15,19.53862414848
"1446",2009-05-12,0.16,188.3070298368
"1447",2009-05-19,0.21,722.079588096
"1448",2009-05-26,0.28,399.2675369472
"1449",2009-06-02,0.26,450.2378608128
"1450",2009-06-09,0.23,382.277428992
"1451",2009-06-16,0.26,552.178508544
"1452",2009-06-22,0.25,702.2577954816
"1453",2009-06-30,0.24,557.8418778624
"1454",2009-07-07,0.2,543.6834545664
"1455",2009-07-14,0.18,521.0299772928
"1456",2009-07-21,0.13,404.9309062656
"1457",2009-07-28,0.09,368.119005696
"1458",2009-08-04,0.12,294.4952045568
"1459",2009-08-10,0.13,219.17239262208
"1460",2009-08-18,0.13,157.72483551744
"1461",2009-08-25,0.12,202.74862159872
"1462",2009-09-01,0.11,118.36441875456
"1463",2009-09-08,0.11,107.6040170496
"1464",2009-09-15,0.15,85.80004517376
"1465",2009-09-22,0.15,68.52676875264
"1466",2009-09-29,0.18,40.20992216064
"1467",2009-10-06,0.18,37.66140596736
"1468",2009-10-13,0.24,36.8119005696
"1469",2009-10-20,0.28,34.54655284224
"1470",2009-10-27,0.24,18.4059502848
"1471",2009-11-03,0.24,16.14060255744
"1472",2009-11-10,0.25,12.45941250048
"1473",2009-11-17,0.24,11.3267386368
"1474",2009-11-24,0.25,9.34455937536
"1475",2009-12-01,0.21,7.64554857984
"1476",2009-12-08,0.28,5.94653778432
"1477",2009-12-15,0.29,4.81386392064
"1478",2009-12-22,0.26,3.68119005696
"1479",2009-12-29,0.23,2.8316846592
"1480",2010-01-05,0.22,2.26534772736
"1481",2010-01-12,0.21,1.69901079552
"1482",2010-01-19,0.19,1.4158423296
"1483",2010-01-26,0.21,1.13267386368
"1484",2010-02-02,0.18,0.84950539776
"1485",2010-02-09,0.22,0.56633693184
"1486",2010-02-16,0.22,0.56633693184
"1487",2010-02-23,0.26,0.28316846592
"1488",2010-03-02,0.22,0.28316846592
"1489",2010-03-09,0.2,0.28316846592
"1490",2010-03-16,0.2,0.28316846592
"1491",2010-03-23,0.23,0.28316846592
"1492",2010-03-30,0.19,0.28316846592
"1493",2010-04-06,0.17,0.56633693184
"1494",2010-04-13,0.3,2.8316846592
"1495",2010-04-20,0.18,50.68715539968
"1496",2010-04-27,0.15,34.54655284224
"1497",2010-05-04,0.17,11.04357017088
"1498",2010-05-11,0.17,14.72476022784
"1499",2010-05-11,0.27,14.72476022784
"1500",2010-05-18,0.14,148.94661307392
"1501",2010-05-18,0.3,148.94661307392
"1502",2010-05-25,0.11,317.1486818304
"1503",2010-05-25,0.3,317.1486818304
"1504",2010-06-01,0.24,478.5547074048
"1505",2010-06-01,0.15,478.5547074048
"1506",2010-06-08,0.28,1166.6540795904
"1507",2010-06-08,0.28,1166.6540795904
"1508",2010-06-15,0.32,464.3962841088
"1509",2010-06-15,0.31,464.3962841088
"1510",2010-06-22,0.25,512.5349233152
"1511",2010-06-22,0.36,512.5349233152
"1512",2010-06-29,0.27,492.7131307008
"1513",2010-06-29,0.21,492.7131307008
"1514",2010-07-06,0.17,416.2576449024
"1515",2010-07-06,0.16,416.2576449024
"1516",2010-07-13,0.15,484.2180767232
"1517",2010-07-20,0.15,382.277428992
"1518",2010-07-27,0.12,356.7922670592
"1519",2010-08-03,0.2,1067.5451165184
"1520",2010-08-10,0.2,305.8219431936
"1521",2010-08-17,0.19,203.31495853056
"1522",2010-08-24,0.15,185.75851364352
"1523",2010-08-31,0.15,111.8515440384
"1524",2010-09-07,0.14,69.09310568448
"1525",2010-09-14,0.15,45.87329147904
"1526",2010-09-21,0.14,52.95250312704
"1527",2010-09-28,0.15,39.92675369472
"1528",2010-10-05,0.14,37.66140596736
"1529",2010-10-12,0.18,49.554481536
"1530",2010-10-19,0.2,34.26338437632
"1531",2010-10-26,0.21,41.34259602432
"1532",2010-11-02,0.27,39.6435852288
"1533",2010-11-09,0.29,26.33466733056
"1534",2010-11-16,0.28,16.14060255744
"1535",2010-11-23,0.35,12.45941250048
"1536",2010-11-30,0.4,8.77822244352
"1537",2010-12-07,0.33,8.4950539776
"1538",2010-12-14,0.31,7.92871704576
"1539",2010-12-21,0.26,7.64554857984
"1540",2010-12-28,0.31,7.079211648
"1541",2011-01-11,0.3,6.22970625024
"1542",2011-01-18,0.35,5.6633693184
"1543",2011-01-25,0.35,5.09703238656
"1544",2011-02-02,0.38,4.2475269888
"1545",2011-02-08,0.3,3.68119005696
"1546",2011-02-15,0.27,3.11485312512
"1547",2011-02-22,0.31,2.54851619328
"1548",2011-03-01,0.3,2.26534772736
"1549",2011-03-08,0.27,1.98217926144
"1550",2011-03-15,0.22,2.26534772736
"1551",2011-03-22,0.16,3.11485312512
"1552",2011-03-29,0.15,3.68119005696
"1553",2011-04-05,0.14,4.81386392064
"1554",2011-04-12,0.11,5.94653778432
"1555",2011-04-19,0.11,6.51287471616
"1556",2011-04-26,0.18,5.94653778432
"1557",2011-05-03,0.19,4.81386392064
"1558",2011-05-10,0.17,91.46341449216
"1559",2011-05-17,0.14,113.83372329984
"1560",2011-05-24,0.05,81.55251818496
"1561",2011-05-31,0.24,258.24964091904
"1562",2011-06-04,0.3,654.1191562752
"1563",2011-06-14,0.24,665.445894912
"1564",2011-06-21,0.29,795.7033892352
"1565",2011-06-28,0.28,1115.6837557248
"1566",2011-07-05,0.27,1158.1590256128
"1567",2011-07-12,0.22,1421.5056989184
"1568",2011-07-19,0.2,1413.0106449408
"1569",2011-07-26,0.17,654.1191562752
"1570",2011-08-02,0.07,637.12904832
"1571",2011-08-09,0.12,368.119005696
"1572",2011-08-16,0.11,396.435852288
"1573",2011-08-23,0.12,362.4556363776
"1574",2011-08-30,0.09,359.6239517184
"1575",2011-09-06,0.11,297.326889216
"1576",2011-09-13,0.2,207.56248551936
"1577",2011-09-20,0.26,188.02386137088
"1578",2011-09-27,0.24,113.55055483392
"1579",2011-10-04,0.21,97.97628920832
"1580",2011-10-11,0.27,75.88914886656
"1581",2011-10-18,0.28,56.633693184
"1582",2011-10-25,0.29,46.43962841088
"1583",2011-11-01,0.35,37.37823750144
"1584",2011-11-08,0.36,18.12278181888
"1585",2011-11-15,0.38,14.158423296
"1586",2011-11-22,0.41,12.7425809664
"1587",2011-11-29,0.39,11.60990710272
"1588",2011-12-06,0.36,10.76040170496
"1589",2011-12-13,0.33,9.9108963072
"1590",2011-12-20,0.38,9.34455937536
"1591",2011-12-27,0.32,9.34455937536
"1592",2012-01-03,0.37,8.4950539776
"1593",2012-01-10,0.36,7.64554857984
"1594",2012-01-17,0.3,7.079211648
"1595",2012-01-24,0.28,6.22970625024
"1596",2012-01-31,0.23,5.38020085248
"1597",2012-02-07,0.24,4.81386392064
"1598",2012-02-14,0.24,3.96435852288
"1599",2012-02-21,0.2,3.39802159104
"1600",2012-02-28,0.17,2.54851619328
"1601",2012-03-06,0.15,1.69901079552
"1602",2012-03-13,0.09,1.13267386368
"1603",2012-03-20,0.06,2.26534772736
"1604",2012-03-27,0.05,9.34455937536
"1605",2012-04-03,0.07,23.50298267136
"1606",2012-04-10,0.05,57.20003011584
"1607",2012-04-10,0.06,57.20003011584
"1608",2012-04-16,0.08,37.66140596736
"1609",2012-04-17,0.1,29.16635198976
"1610",2012-04-23,0.08,115.81590256128
"1611",2012-04-24,0.1,135.35452670976
"1612",2012-04-30,0.12,82.40202358272
"1613",2012-05-01,0.12,80.13667585536
"1614",2012-05-08,0.14,120.346598016
"1615",2012-05-09,0.14,145.8317599488
"1616",2012-05-15,0.18,203.59812699648
"1617",2012-05-15,0.18,203.59812699648
"1618",2012-05-22,0.19,325.643735808
"1619",2012-05-22,0.2,325.643735808
"1620",2012-05-29,0.23,227.9506150656
"1621",2012-05-31,0.23,339.802159104
"1622",2012-06-05,0.27,470.0596534272
"1623",2012-06-05,0.27,470.0596534272
"1624",2012-06-12,0.27,308.6536278528
"1625",2012-06-12,0.28,308.6536278528
"1626",2012-06-19,0.26,370.9506903552
"1627",2012-06-19,0.25,370.9506903552
"1628",2012-06-26,0.22,404.9309062656
"1629",2012-06-28,0.21,387.9407983104
"1630",2012-07-03,0.18,334.1387897856
"1631",2012-07-03,0.18,334.1387897856
"1632",2012-07-10,0.2,362.4556363776
"1633",2012-07-10,0.23,362.4556363776
"1634",2012-07-17,0.2,311.485312512
"1635",2012-07-17,0.19,311.485312512
"1636",2012-07-23,0.16,291.6635198976
"1637",2012-07-26,0.18,339.802159104
"1638",2012-07-31,0.22,325.643735808
"1639",2012-07-31,0.22,325.643735808
"1640",2012-08-07,0.21,234.74665824768
"1641",2012-08-08,0.18,214.64169716736
"1642",2012-08-13,0.19,173.58226960896
"1643",2012-08-14,0.19,164.2377102336
"1644",2012-08-20,0.14,124.5941250048
"1645",2012-08-21,0.16,116.0990710272
"1646",2012-08-28,0.14,133.93868438016
"1647",2012-09-04,0.18,153.19414006272
"1648",2012-09-04,0.17,153.19414006272
"1649",2012-09-11,0.21,175.5644488704
"1650",2012-09-11,0.2,175.5644488704
"1651",2012-09-18,0.31,100.24163693568
"1652",2012-09-26,0.27,190.00604063232
"1653",2012-09-27,0.4,178.67930199552
"1654",2012-10-02,0.37,96.56044687872
"1655",2012-10-02,0.29,96.56044687872
"1656",2012-10-09,0.45,62.01389403648
"1657",2012-10-15,0.41,46.7227968768
"1658",2012-10-16,0.3,48.70497613824
"1659",2012-10-23,0.48,42.19210142208
"1660",2012-10-30,0.51,36.52873210368
"1661",2012-11-06,0.36,29.16635198976
"1662",2012-11-13,0.4,19.53862414848
"1663",2012-11-20,0.39,20.95446647808
"1664",2012-11-27,0.4,16.42377102336
"1665",2012-11-28,0.36,16.42377102336
"1666",2012-12-11,0.28,15.00792869376
"1667",2012-12-18,0.29,13.87525483008
"1668",2012-12-25,0.29,13.02574943232
"1669",2013-01-01,0.32,11.89307556864
"1670",2013-01-08,0.23,10.76040170496
"1671",2013-01-15,0.21,9.62772784128
"1672",2013-01-17,0.22,9.34455937536
"1673",2013-01-22,0.22,8.4950539776
"1674",2013-01-29,0.2,7.36238011392
"1675",2013-02-05,0.17,7.079211648
"1676",2013-02-12,0.18,7.079211648
"1677",2013-02-19,0.13,6.79604318208
"1678",2013-02-26,0.11,6.79604318208
"1679",2013-03-05,0.09,6.79604318208
"1680",2013-03-12,0.06,6.79604318208
"1681",2013-03-12,0.08,6.79604318208
"1682",2013-03-19,0.04,7.36238011392
"1683",2013-03-26,0.01,7.92871704576
"1684",2013-04-02,0.05,8.21188551168
"1685",2013-04-09,0.06,8.77822244352
"1686",2013-04-12,0.08,9.06139090944
"1687",2013-04-22,0.13,9.62772784128
"1688",2013-04-23,0.16,9.9108963072
"1689",2013-04-29,0.16,10.19406477312
"1690",2013-04-30,0.21,10.19406477312
"1691",2013-05-07,0.19,14.158423296
"1692",2013-05-07,0.17,14.158423296
"1693",2013-05-14,0.15,197.08525228032
"1694",2013-05-14,0.17,197.08525228032
"1695",2013-05-21,0.38,168.76840568832
"1696",2013-05-22,0.31,305.8219431936
"1697",2013-05-28,0.35,376.6140596736
"1698",2013-05-28,0.32,376.6140596736
"1699",2013-06-04,0.29,605.9805170688
"1700",2013-06-04,0.27,605.9805170688
"1701",2013-06-11,0.34,1022.2381619712
"1702",2013-06-11,0.33,1022.2381619712
"1703",2013-06-18,0.36,560.6735625216
"1704",2013-06-18,0.34,560.6735625216
"1705",2013-06-25,0.3,455.9012301312
"1706",2013-07-02,0.26,433.2477528576
"1707",2013-07-02,0.26,433.2477528576
"1708",2013-07-09,0.27,498.3765000192
"1709",2013-07-16,0.24,419.0893295616
"1710",2013-07-16,0.25,419.0893295616
"1711",2013-07-23,0.22,308.6536278528
"1712",2013-07-30,0.22,345.4655284224
"1713",2013-07-31,0.22,325.643735808
"1714",2013-08-06,0.23,237.01200597504
"1715",2013-08-13,0.22,198.217926144
"1716",2013-08-20,0.21,179.8119758592
"1717",2013-08-20,0.22,179.8119758592
"1718",2013-08-27,0.2,206.7129801216
"1719",2013-09-03,0.28,242.1090383616
"1720",2013-09-03,0.23,242.1090383616
"1721",2013-09-10,0.36,472.8913380864
"1722",2013-09-19,0.58,359.6239517184
"1723",2013-09-24,0.57,249.75458694144
"1724",2013-09-30,0.56,146.96443381248
"1725",2013-10-15,0.56,67.39409488896
"1726",2013-10-22,0.48,56.06735625216
"1727",2013-10-22,0.56,56.06735625216
"1728",2013-10-29,0.5,60.03171477504
"1729",2013-11-05,0.48,39.36041676288
"1730",2013-11-12,0.49,34.54655284224
"1731",2013-11-19,0.5,29.16635198976
"1732",2013-11-26,0.55,29.44952045568
"1733",2013-12-11,0.49,18.12278181888
"1734",2013-12-17,0.46,17.27327642112
"1735",2013-12-17,0.444,17.27327642112
"1736",2013-12-24,0.42,16.14060255744
"1737",2013-12-31,0.36,15.00792869376
"1738",2014-01-07,0.35,13.87525483008
"1739",2014-01-14,0.31,12.7425809664
"1740",2014-01-21,0.25,12.45941250048
"1741",2014-01-21,0.244,12.45941250048
"1742",2014-01-28,0.27,12.17624403456
"1743",2014-02-04,0.31,11.04357017088
"1744",2014-02-11,0.3,9.06139090944
"1745",2014-02-18,0.27,7.079211648
"1746",2014-02-25,0.27,5.94653778432
"1747",2014-02-25,0.293,5.94653778432
"1748",2014-03-04,0.21,5.09703238656
"1749",2014-03-11,0.18,3.96435852288
"1750",2014-03-18,0.14,3.68119005696
"1751",2014-03-25,0.123,3.39802159104
"1752",2014-03-25,0.1,3.39802159104
"1753",2014-04-01,0.07,2.8316846592
"1754",2014-04-08,0.07,1.98217926144
"1755",2014-04-15,0.09,6.22970625024
"1756",2014-04-16,0.11,6.22970625024
"1757",2014-04-22,0.1,37.37823750144
"1758",2014-04-22,0.102,37.37823750144
"1759",2014-04-29,0.1,30.86536278528
"1760",2014-04-29,0.1,30.86536278528
"1761",2014-05-06,0.1,72.49112727552
"1762",2014-05-06,0.106,72.49112727552
"1763",2014-05-13,0.1,28.03367812608
"1764",2014-05-13,0.097,28.03367812608
"1765",2014-05-20,0.15,305.8219431936
"1766",2014-05-20,0.139,305.8219431936
"1767",2014-05-27,0.351,750.396434688
"1768",2014-05-27,0.35,750.396434688
"1769",2014-06-03,0.3,722.079588096
"1770",2014-06-03,0.285,722.079588096
"1771",2014-06-10,0.25,529.5250312704
"1772",2014-06-10,0.29,529.5250312704
"1773",2014-06-17,0.284,543.6834545664
"1774",2014-06-17,0.25,543.6834545664
"1775",2014-06-24,0.24,659.7825255936
"1776",2014-06-24,0.278,659.7825255936
"1777",2014-07-01,0.23,580.495355136
"1778",2014-07-01,0.266,580.495355136
"1779",2014-07-08,0.23,665.445894912
"1780",2014-07-08,0.19,665.445894912
"1781",2014-07-15,0.15,532.3567159296
"1782",2014-07-22,0.164,427.5843835392
"1783",2014-07-22,0.17,427.5843835392
"1784",2014-07-29,0.18,1684.852372224
"1785",2014-08-05,0.25,396.435852288
"1786",2014-08-05,0.247,396.435852288
"1787",2014-08-12,0.21,294.4952045568
"1788",2014-08-19,0.19,263.62984177152
"1789",2014-08-19,0.188,263.62984177152
"1790",2014-08-26,0.18,238.42784830464
"1791",2014-09-02,0.23,223.41991961088
"1792",2014-09-03,0.232,213.7921917696
"1793",2014-09-09,0.24,450.2378608128
"1794",2014-09-16,0.26,179.24563892736
"1795",2014-09-23,0.23,237.57834290688
"1796",2014-09-24,0.297,228.23378353152
"1797",2014-09-30,0.26,254.28528239616
"1798",2014-10-07,0.34,132.80601051648
"1799",2014-10-14,0.35,104.7723323904
"1800",2014-10-14,0.345,104.7723323904
"1801",2014-10-21,0.33,71.92479034368
"1802",2014-10-28,0.34,48.42180767232
"1803",2014-11-04,0.34,39.07724829696
"1804",2014-11-18,0.39,21.80397187584
"1805",2014-11-25,0.39,14.158423296
"1806",2014-12-02,0.42,11.3267386368
"1807",2014-12-03,0.399,11.3267386368
"1808",2014-12-09,0.38,11.04357017088
"1809",2014-12-16,0.32,11.04357017088
"1810",2014-12-23,0.35,10.76040170496
"1811",2014-12-30,0.29,10.76040170496
"1812",2015-01-06,0.301,10.47723323904
"1813",2015-01-13,0.286,10.47723323904
"1814",2015-01-20,0.249,10.19406477312
"1815",2015-01-27,0.227,10.19406477312
"1816",2015-01-27,0.23,10.19406477312
"1817",2015-02-03,0.169,10.19406477312
"1818",2015-02-10,0.112,9.9108963072
"1819",2015-02-17,0.08,9.06139090944
"1820",2015-02-24,0.084,7.92871704576
"1821",2015-03-03,0.117,5.94653778432
"1822",2015-03-06,0.101,5.09703238656
"1823",2015-03-10,0.123,4.53069545472
"1824",2015-03-17,0.075,9.34455937536
"1825",2015-03-24,0.091,11.3267386368
"1826",2015-03-31,0.039,17.55644488704
"1827",2015-04-06,0.052,14.72476022784
"1828",2015-04-07,0.046,15.5742656256
"1829",2015-04-14,0.089,42.475269888
"1830",2015-04-14,0.086,42.475269888
"1831",2015-04-21,0.147,22.08714034176
"1832",2015-04-21,0.14,22.08714034176
"1833",2015-04-28,0.133,27.46734119424
"1834",2015-04-28,0.135,27.46734119424
"1835",2015-05-05,0.233,160.27335171072
"1836",2015-05-05,0.194,160.27335171072
"1837",2015-05-12,0.243,89.1980667648
"1838",2015-05-12,0.261,89.1980667648
"1839",2015-05-19,0.241,90.33074062848
"1840",2015-05-26,0.219,215.2080340992
"1841",2015-05-26,0.233,215.2080340992
"1842",2015-06-02,0.366,971.2678381056
"1843",2015-06-02,0.371,971.2678381056
"1844",2015-06-09,0.313,1152.4956562944
"1845",2015-06-09,0.329,1152.4956562944
"1846",2015-06-16,0.272,1163.8223949312
"1847",2015-06-16,0.289,1163.8223949312
"1848",2015-06-23,0.242,747.5647500288
"1849",2015-06-23,0.229,747.5647500288
"1850",2015-06-30,0.206,682.4360028672
"1851",2015-07-01,0.201,631.4656790016
"1852",2015-07-07,0.175,1070.3768011776
"1853",2015-07-07,0.167,1070.3768011776
"1854",2015-07-14,0.116,441.7428068352
"1855",2015-07-14,0.159,441.7428068352
"1856",2015-07-21,0.128,328.4754204672
"1857",2015-07-22,0.122,348.2972130816
"1858",2015-07-28,0.107,294.4952045568
"1859",2015-08-04,0.023,220.8714034176
"1860",2015-08-04,0.098,220.8714034176
"1861",2015-08-11,0.075,174.99811193856
"1862",2015-08-11,0.079,174.99811193856
"1863",2015-08-18,0.066,190.57237756416
"1864",2015-08-18,0.092,190.57237756416
"1865",2015-08-25,0.067,148.38027614208
"1866",2015-09-01,0.089,133.37234744832
"1867",2015-09-01,0.08,133.37234744832
"1868",2015-09-08,0.088,109.58619631104
"1869",2015-09-15,0.087,76.73865426432
"1870",2015-09-15,0.109,76.73865426432
"1871",2015-09-22,0.099,68.80993721856
"1872",2015-09-29,0.125,60.03171477504
"1873",2015-09-29,0.116,60.03171477504
"1874",2015-10-06,0.124,50.9703238656
"1875",2015-10-13,0.154,36.24556363776
"1876",2015-10-20,0.161,43.04160681984
"1877",2015-10-21,0.149,43.04160681984
"1878",2015-10-27,0.178,36.52873210368
"1879",2015-11-03,0.214,32.84754204672
"1880",2015-11-10,0.223,28.88318352384
"1881",2015-11-17,0.259,21.80397187584
"1882",2015-11-24,0.289,12.45941250048
"1883",2015-11-24,0.286,12.45941250048
"1884",2015-12-01,0.289,7.079211648
"1885",2015-12-08,0.247,7.079211648
"1886",2015-12-15,0.255,5.94653778432
"1887",2015-12-17,0.281,7.079211648
"1888",2015-12-22,0.255,6.51287471616
"1889",2015-12-30,0.24,5.6633693184
"1890",2016-01-05,0.238,4.53069545472
"1891",2016-01-12,0.252,5.94653778432
"1892",2016-01-19,0.265,6.22970625024
"1893",2016-01-19,0.256,6.22970625024
"1894",2016-01-26,0.249,6.51287471616
"1895",2016-02-09,0.2,4.2475269888
"1896",2016-02-16,0.157,5.09703238656
"1897",2016-02-16,0.147,5.09703238656
"1898",2016-02-23,0.105,4.53069545472
"1899",2016-03-01,0.061,3.68119005696
"1900",2016-03-08,0.057,3.11485312512
"1901",2016-03-15,0.041,2.8316846592
"1902",2016-03-22,0.051,1.69901079552
"1903",2016-03-29,0.04,1.69901079552
"1904",2016-03-29,0.047,1.69901079552
"1905",2016-04-05,0.051,1.69901079552
"1906",2016-04-12,0.038,5.38020085248
"1907",2016-04-13,0.047,7.64554857984
"1908",2016-04-19,0.11,33.41387897856
"1909",2016-04-26,0.118,45.3069545472
"1910",2016-04-26,0.115,45.3069545472
"1911",2016-05-02,0.128,20.10496108032
"1912",2016-05-03,0.138,18.12278181888
"1913",2016-05-10,0.177,75.32281193472
"1914",2016-05-11,0.197,60.59805170688
"1915",2016-05-17,0.203,154.04364546048
"1916",2016-05-20,0.225,267.5942002944
"1917",2016-05-24,0.27,278.9209389312
"1918",2016-05-31,0.264,297.326889216
"1919",2016-05-31,0.226,297.326889216
"1920",2016-06-07,0.287,900.4757216256
"1921",2016-06-08,0.302,841.0103437824
"1922",2016-06-14,0.265,846.6737131008
"1923",2016-06-14,0.26,846.6737131008
"1924",2016-06-21,0.229,903.3074062848
"1925",2016-06-23,0.222,809.8618125312
"1926",2016-06-28,0.22,569.1686164992
"1927",2016-06-29,0.193,563.5052471808
"1928",2016-07-05,0.224,563.5052471808
"1929",2016-07-07,0.192,487.0497613824
"1930",2016-07-12,0.179,373.7823750144
"1931",2016-07-12,0.177,373.7823750144
"1932",2016-07-19,0.165,308.6536278528
"1933",2016-07-19,0.151,308.6536278528
"1934",2016-07-26,0.136,273.54073807872
"1935",2016-07-28,0.151,249.47141847552
"1936",2016-08-02,0.101,257.96647245312
"1937",2016-08-02,0.12,257.96647245312
"1938",2016-08-09,0.106,221.72090881536
"1939",2016-08-09,0.127,221.72090881536
"1940",2016-08-16,0.116,131.6733366528
"1941",2016-08-16,0.118,131.6733366528
"1942",2016-08-23,0.09,106.18817472
"1943",2016-08-30,0.14,94.57826761728
"1944",2016-08-30,0.144,94.57826761728
"1945",2016-09-06,0.126,123.1782826752
"1946",2016-09-12,0.329,69.94261108224
"1947",2016-09-13,0.1,68.52676875264
"1948",2016-09-20,0.172,46.15645994496
"1949",2016-09-27,0.173,43.60794375168
"1950",2016-09-27,0.181,43.60794375168
"1951",2016-10-04,0.176,25.4851619328
"1952",2016-10-11,0.217,40.49309062656
"1953",2016-10-18,0.205,32.5643735808
"1954",2016-10-25,0.235,28.60001505792
"1955",2016-11-01,0.238,23.21981420544
"1956",2016-11-01,0.22,23.21981420544
"1957",2016-11-08,0.254,18.12278181888
"1958",2016-11-15,0.256,11.3267386368
"1959",2016-11-22,0.282,12.17624403456
"1960",2016-11-29,0.304,9.34455937536
"1961",2016-11-30,0.296,9.06139090944
"1962",2016-12-06,0.351,11.04357017088
"1963",2016-12-13,0.399,10.76040170496
"1964",2016-12-20,0.356,5.94653778432
"1965",2016-12-27,0.324,5.09703238656
"1966",2017-01-03,0.275,6.22970625024
"1967",2017-01-03,0.29,6.22970625024
"1968",2017-01-17,0.273,3.39802159104
"1969",2017-01-24,0.358,1.69901079552
"1970",2017-01-31,0.264,1.13267386368
"1971",2017-02-07,0.259,1.13267386368
"1972",2017-02-13,0.241,1.13267386368
"1973",2017-02-14,0.258,0.84950539776
"1974",2017-02-21,0.208,0.84950539776
"1975",2017-02-28,0.161,0.84950539776
"1976",2017-03-08,0.134,0.56633693184
"1977",2017-03-13,0.094,0.56633693184
"1978",2017-03-14,0.092,0.56633693184
"1979",2017-03-21,0.051,1.69901079552
"1980",2017-03-28,0.078,20.95446647808
"1981",2017-04-04,0.077,7.64554857984
"1982",2017-04-11,0.106,5.38020085248
"1983",2017-04-11,0.09,5.38020085248
"1984",2017-04-18,0.108,50.12081846784
"1985",2017-04-24,0.095,36.52873210368
"1986",2017-04-25,0.104,36.52873210368
"1987",2017-05-01,0.094,20.10496108032
"1988",2017-05-02,0.095,17.55644488704
"1989",2017-05-08,0.125,167.35256335872
"1990",2017-05-09,0.156,201.61594773504
"1991",2017-05-16,0.217,305.8219431936
"1992",2017-05-17,0.216,248.05557614592
"1993",2017-05-22,0.221,108.45352244736
"1994",2017-05-30,0.258,302.9902585344
"1995",2017-05-30,0.275,302.9902585344
"1996",2017-06-06,0.292,917.4658295808
"1997",2017-06-07,0.336,860.8321363968
"1998",2017-06-13,0.345,843.8420284416
"1999",2017-06-13,0.228,843.8420284416
"2000",2017-06-20,0.231,1016.5747926528
"2001",2017-06-22,0.304,1016.5747926528
"2002",2017-06-26,0.212,713.5845341184
"2003",2017-06-27,0.257,733.4063267328
"2004",2017-07-05,0.167,588.9904091136
"2005",2017-07-05,0.181,588.9904091136
"2006",2017-07-11,0.161,665.445894912
"2007",2017-07-13,0.176,574.8319858176
"2008",2017-07-18,0.163,529.5250312704
"2009",2017-07-24,0.148,532.3567159296
"2010",2017-07-25,0.132,538.020085248
"2011",2017-08-01,0.157,419.0893295616
"2012",2017-08-07,0.162,464.3962841088
"2013",2017-08-08,0.21,739.0696960512
"2014",2017-08-15,0.239,472.8913380864
"2015",2017-08-21,0.239,278.63777046528
"2016",2017-08-22,0.231,266.74469489664
"2017",2017-08-29,0.194,212.09318097408
"2018",2017-09-05,0.16,182.36049205248
"2019",2017-09-12,0.146,174.71494347264
"2020",2017-09-18,0.16,132.23967358464
"2021",2017-09-19,0.159,109.86936477696
"2022",2017-09-27,0.179,104.20599545856
"2023",2017-10-03,0.246,146.39809688064
"2024",2017-10-11,0.257,129.69115739136
"2025",2017-10-17,0.273,80.41984432128
"2026",2017-10-24,0.304,52.3861661952
"2027",2017-10-31,0.336,46.7227968768
"2028",2017-11-08,0.321,49.554481536
"2029",2017-11-14,0.328,36.8119005696
"2030",2017-11-21,0.305,30.01585738752
"2031",2017-11-28,0.3,25.76833039872
"2032",2017-12-05,0.287,26.05149886464
"2033",2017-12-12,0.281,23.50298267136
"2034",2017-12-19,0.243,21.237634944
"2035",2017-12-27,0.249,24.0693196032
"2036",2018-01-02,0.213,22.93664573952
"2037",2018-01-09,0.157,22.6534772736
"2038",2018-01-16,0.161,21.80397187584
"2039",2018-01-24,0.142,17.27327642112
"2040",2018-01-30,0.105,15.29109715968
"2041",2018-02-13,0.121,16.14060255744
"2042",2018-02-13,0.128,16.14060255744
"2043",2018-02-21,0.087,15.29109715968
"2044",2018-02-27,0.093,13.87525483008
"2045",2018-03-06,0.064,14.44159176192
"2046",2018-03-13,0.076,12.45941250048
"2047",2018-03-20,0.08,12.17624403456
"2048",2018-03-27,0.032,9.9108963072
"2049",2018-04-03,0.026,8.4950539776
"2050",2018-04-10,0.023,9.34455937536
"2051",2018-04-10,0.033,9.34455937536
"2052",2018-04-16,0.054,8.21188551168
"2053",2018-04-17,0.045,7.64554857984
"2054",2018-04-24,0.034,12.45941250048
"2055",2018-04-30,0.129,172.7327642112
"2056",2018-05-08,0.115,233.613984384
"2057",2018-05-09,0.155,278.9209389312
"2058",2018-05-15,0.219,339.802159104
"2059",2018-05-22,0.208,453.069545472
"2060",2018-05-29,0.232,546.5151392256
"2061",2018-06-05,0.247,574.8319858176
"2062",2018-06-12,0.249,450.2378608128
"2063",2018-06-19,0.234,611.6438863872
"2064",2018-06-26,0.191,311.485312512
"2065",2018-07-03,0.153,286.0001505792
"2066",2018-07-10,0.151,416.2576449024
"2067",2018-07-17,0.187,353.9605824
"2068",2018-07-23,0.186,356.7922670592
"2069",2018-07-31,0.172,291.6635198976
"2070",2018-08-07,0.172,286.0001505792
"2071",2018-08-14,0.166,237.57834290688
"2072",2018-08-21,0.17,191.98821989376
"2073",2018-08-28,0.217,212.09318097408
"2074",2018-09-04,0.23,141.01789602816
"2075",2018-09-11,0.223,112.70104943616
"2076",2018-09-18,0.225,93.16242528768
"2077",2018-09-21,0.167,83.5346974464
"2078",2018-09-25,0.19,66.5445894912
"2079",2018-10-02,0.185,51.81982926336
"2080",2018-10-09,0.248,88.91489829888
"2081",2018-10-16,0.324,64.56241022976
"2082",2018-10-23,0.307,66.5445894912
"2083",2018-10-30,0.313,62.01389403648
"2084",2018-11-06,0.359,54.08517699072
"2085",2018-11-13,0.415,35.67922670592
"2086",2018-11-20,0.427,33.9802159104
"2087",2018-11-27,0.38,33.41387897856
"2088",2018-12-04,0.383,36.24556363776
"2089",2018-12-11,0.414,45.02378608128
"2090",2018-12-18,0.372,37.66140596736
"2091",2019-01-15,0.316,20.95446647808
"2092",2019-01-22,0.278,19.25545568256
"2093",2019-01-29,0.287,17.27327642112
"2094",2019-02-05,0.277,18.4059502848
"2095",2019-02-12,0.275,17.55644488704
"2096",2019-02-19,0.284,19.8217926144
"2097",2019-02-26,0.285,13.59208636416
"2098",2019-03-05,0.277,15.5742656256
"2099",2019-03-12,0.27,14.158423296
"2100",2019-03-19,0.254,12.7425809664
"2101",2019-03-26,0.243,12.17624403456
"2102",2019-04-02,0.19,7.92871704576
"2103",2019-04-09,0.192,7.92871704576
"2104",2019-04-09,0.457,7.92871704576
"2105",2019-04-16,0.174,14.158423296
"2106",2019-04-22,0.13,70.22577954816
"2107",2019-04-23,0.141,63.14656790016
"2108",2019-05-07,0.153,78.43766505984
"2109",2019-05-13,0.137,77.02182273024
"2110",2019-05-14,0.139,115.81590256128
"2111",2019-05-22,0.256,105.33866932224
"2112",2019-05-23,0.274,88.06539290112
"2113",2019-05-28,0.257,127.70897812992
"2114",2019-05-30,0.219,107.88718551552
"2115",2019-06-04,0.274,594.653778432
"2116",2019-06-11,0.291,512.5349233152
"2117",2019-06-18,0.267,753.2281193472
"2118",2019-06-24,0.301,402.0992216064
"2119",2019-07-02,0.342,1073.2084858368
"2120",2019-07-09,0.279,730.5746420736
"2121",2019-07-16,0.206,801.3667585536
"2122",2019-07-23,0.177,682.4360028672
"2123",2019-07-29,0.171,597.4854630912
"2124",2019-08-06,0.148,427.5843835392
"2125",2019-08-13,0.158,331.3071051264
"2126",2019-08-21,0.15,238.99418523648
"2127",2019-08-22,0.135,233.613984384
"2128",2019-08-27,0.127,179.24563892736
"2129",2019-09-03,0.094,140.45155909632
"2130",2019-09-10,0.155,269.85954802176
"2131",2019-09-18,0.007,110.15253324288
"2132",2019-09-19,0.2,107.6040170496
"2133",2019-09-24,0.261,70.22577954816
"2134",2019-10-01,0.217,80.41984432128
"2135",2019-10-08,0.252,45.59012301312
"2136",2019-10-15,0.268,31.99803664896
"2137",2019-10-22,0.288,28.88318352384
"2138",2019-10-24,0.318,28.03367812608
"2139",2019-10-29,0.336,24.35248806912
"2140",2019-11-05,0.362,9.34455937536
"2141",2019-11-12,0.389,8.77822244352
"2142",2019-11-19,0.356,12.7425809664
"2143",2019-11-26,0.29,18.68911875072
"2144",2019-12-03,0.332,9.62772784128
"2145",2019-12-10,0.322,5.6633693184
"2146",2019-12-18,0.284,5.38020085248
"2147",2019-12-23,0.271,3.39802159104
"2148",2019-12-30,0.28,1.13267386368
